"","lat","lon","datetime"
"1",60.238888,25.107848,"2020-09-21T13:53:34Z"
"2",60.238888,25.107852,"2020-09-21T13:53:34Z"
"3",60.23892,25.107865,"2020-09-21T13:53:41Z"
"4",60.23893,25.107885,"2020-09-21T13:53:46Z"
"5",60.238945,25.107902,"2020-09-21T13:53:54Z"
"6",60.23895,25.1079,"2020-09-21T13:53:55Z"
"7",60.238945,25.107875,"2020-09-21T13:54:03Z"
"8",60.238937,25.10786,"2020-09-21T13:54:07Z"
"9",60.23893,25.107848,"2020-09-21T13:54:21Z"
"10",60.23893,25.107848,"2020-09-21T13:54:22Z"
"11",60.238905,25.10784,"2020-09-21T13:54:32Z"
"12",60.238905,25.10784,"2020-09-21T13:54:33Z"
"13",60.23894,25.107875,"2020-09-21T13:54:45Z"
"14",60.23894,25.107875,"2020-09-21T13:54:46Z"
"15",60.238945,25.107848,"2020-09-21T13:54:56Z"
"16",60.238945,25.107848,"2020-09-21T13:54:57Z"
"17",60.238945,25.10786,"2020-09-21T13:55:19Z"
"18",60.238945,25.10786,"2020-09-21T13:55:20Z"
"19",60.238935,25.10783,"2020-09-21T13:55:57Z"
"20",60.238935,25.10783,"2020-09-21T13:55:58Z"
"21",60.238925,25.107813,"2020-09-21T13:56:21Z"
"22",60.238922,25.107817,"2020-09-21T13:56:21Z"
"23",60.23895,25.107848,"2020-09-21T13:56:33Z"
"24",60.23895,25.107857,"2020-09-21T13:56:33Z"
"25",60.238935,25.10783,"2020-09-21T13:56:50Z"
"26",60.238932,25.10783,"2020-09-21T13:56:51Z"
"27",60.23892,25.107845,"2020-09-21T13:57:06Z"
"28",60.23892,25.107847,"2020-09-21T13:57:08Z"
"29",60.238915,25.107865,"2020-09-21T13:57:17Z"
"30",60.238915,25.107865,"2020-09-21T13:57:18Z"
"31",60.23891,25.10783,"2020-09-21T13:57:40Z"
"32",60.23891,25.10783,"2020-09-21T13:57:41Z"
"33",60.238915,25.107797,"2020-09-21T13:58:22Z"
"34",60.238915,25.107795,"2020-09-21T13:58:23Z"
"35",60.23892,25.107837,"2020-09-21T13:58:35Z"
"36",60.238922,25.107842,"2020-09-21T13:58:36Z"
"37",60.23893,25.107865,"2020-09-21T13:58:47Z"
"38",60.23893,25.107865,"2020-09-21T13:58:48Z"
"39",60.238932,25.107875,"2020-09-21T13:59:02Z"
"40",60.238935,25.107875,"2020-09-21T13:59:03Z"
"41",60.238875,25.107905,"2020-09-21T13:59:16Z"
"42",60.2388,25.1079,"2020-09-21T13:59:22Z"
"43",60.238727,25.10787,"2020-09-21T13:59:26Z"
"44",60.2388,25.107925,"2020-09-21T13:59:31Z"
"45",60.23883,25.107925,"2020-09-21T13:59:38Z"
"46",60.238832,25.107923,"2020-09-21T13:59:39Z"
"47",60.23885,25.107885,"2020-09-21T13:59:47Z"
"48",60.23885,25.107885,"2020-09-21T13:59:49Z"
"49",60.238895,25.10784,"2020-09-21T14:00:05Z"
"50",60.238903,25.10783,"2020-09-21T14:00:11Z"
"51",60.23892,25.10783,"2020-09-21T14:00:25Z"
"52",60.23892,25.10783,"2020-09-21T14:00:25Z"
"53",60.238925,25.107812,"2020-09-21T14:00:43Z"
"54",60.238925,25.107812,"2020-09-21T14:00:44Z"
"55",60.23895,25.107967,"2020-09-21T14:00:56Z"
"56",60.23891,25.108107,"2020-09-21T14:01:00Z"
"57",60.238897,25.10826,"2020-09-21T14:01:04Z"
"58",60.238937,25.108135,"2020-09-21T14:01:10Z"
"59",60.238902,25.10799,"2020-09-21T14:01:16Z"
"60",60.23886,25.107865,"2020-09-21T14:01:23Z"
"61",60.23886,25.107848,"2020-09-21T14:01:28Z"
"62",60.238785,25.107848,"2020-09-21T14:01:39Z"
"63",60.238825,25.107915,"2020-09-21T14:01:45Z"
"64",60.238897,25.10791,"2020-09-21T14:01:52Z"
"65",60.238898,25.107885,"2020-09-21T14:01:59Z"
"66",60.238912,25.10789,"2020-09-21T14:03:09Z"
"67",60.238915,25.107888,"2020-09-21T14:03:10Z"
"68",60.238915,25.107895,"2020-09-21T14:04:23Z"
"69",60.23892,25.107897,"2020-09-21T14:04:24Z"
"70",60.238925,25.10791,"2020-09-21T14:06:04Z"
"71",60.238925,25.10791,"2020-09-21T14:06:05Z"
"72",60.23893,25.10788,"2020-09-21T14:07:35Z"
"73",60.23893,25.107887,"2020-09-21T14:07:36Z"
"74",60.238925,25.10791,"2020-09-21T14:07:47Z"
"75",60.238925,25.107905,"2020-09-21T14:07:48Z"
"76",60.238955,25.108037,"2020-09-21T14:07:57Z"
"77",60.238925,25.108145,"2020-09-21T14:08:04Z"
"78",60.238888,25.108275,"2020-09-21T14:08:08Z"
"79",60.23895,25.108175,"2020-09-21T14:08:14Z"
"80",60.238915,25.108097,"2020-09-21T14:08:20Z"
"81",60.238865,25.108205,"2020-09-21T14:08:24Z"
"82",60.238842,25.108355,"2020-09-21T14:08:29Z"
"83",60.23892,25.108397,"2020-09-21T14:08:36Z"
"84",60.238968,25.108272,"2020-09-21T14:08:42Z"
"85",60.238962,25.108375,"2020-09-21T14:08:50Z"
"86",60.23896,25.108227,"2020-09-21T14:08:56Z"
"87",60.238888,25.10825,"2020-09-21T14:09:03Z"
"88",60.238885,25.108407,"2020-09-21T14:09:08Z"
"89",60.238865,25.10856,"2020-09-21T14:09:10Z"
"90",60.238818,25.10872,"2020-09-21T14:09:14Z"
"91",60.238777,25.10891,"2020-09-21T14:09:16Z"
"92",60.23874,25.109055,"2020-09-21T14:09:18Z"
"93",60.238733,25.109205,"2020-09-21T14:09:20Z"
"94",60.23878,25.10936,"2020-09-21T14:09:22Z"
"95",60.238845,25.109525,"2020-09-21T14:09:24Z"
"96",60.238898,25.1097,"2020-09-21T14:09:26Z"
"97",60.238925,25.109845,"2020-09-21T14:09:28Z"
"98",60.238985,25.110017,"2020-09-21T14:09:32Z"
"99",60.23903,25.11014,"2020-09-21T14:09:33Z"
"100",60.239075,25.110295,"2020-09-21T14:09:35Z"
"101",60.239125,25.110445,"2020-09-21T14:09:38Z"
"102",60.239175,25.110577,"2020-09-21T14:09:39Z"
"103",60.239217,25.110715,"2020-09-21T14:09:41Z"
"104",60.239272,25.110852,"2020-09-21T14:09:44Z"
"105",60.239325,25.11099,"2020-09-21T14:09:45Z"
"106",60.239375,25.11114,"2020-09-21T14:09:47Z"
"107",60.239427,25.111295,"2020-09-21T14:09:49Z"
"108",60.239475,25.111445,"2020-09-21T14:09:51Z"
"109",60.239545,25.111595,"2020-09-21T14:09:54Z"
"110",60.2396,25.111787,"2020-09-21T14:09:57Z"
"111",60.239643,25.111935,"2020-09-21T14:09:59Z"
"112",60.23968,25.112063,"2020-09-21T14:10:02Z"
"113",60.239717,25.112202,"2020-09-21T14:10:03Z"
"114",60.239745,25.112375,"2020-09-21T14:10:06Z"
"115",60.23977,25.11253,"2020-09-21T14:10:09Z"
"116",60.23975,25.112727,"2020-09-21T14:10:13Z"
"117",60.239695,25.1129,"2020-09-21T14:10:15Z"
"118",60.23969,25.113085,"2020-09-21T14:10:18Z"
"119",60.23974,25.1132,"2020-09-21T14:10:20Z"
"120",60.239845,25.113245,"2020-09-21T14:10:23Z"
"121",60.239935,25.11327,"2020-09-21T14:10:26Z"
"122",60.239995,25.113355,"2020-09-21T14:10:29Z"
"123",60.240075,25.11341,"2020-09-21T14:10:33Z"
"124",60.240145,25.113335,"2020-09-21T14:10:38Z"
"125",60.24022,25.11339,"2020-09-21T14:10:44Z"
"126",60.2403,25.113402,"2020-09-21T14:10:45Z"
"127",60.240392,25.113442,"2020-09-21T14:10:47Z"
"128",60.240477,25.11347,"2020-09-21T14:10:50Z"
"129",60.24059,25.113455,"2020-09-21T14:10:51Z"
"130",60.240672,25.11338,"2020-09-21T14:10:53Z"
"131",60.24075,25.113335,"2020-09-21T14:10:56Z"
"132",60.24081,25.113428,"2020-09-21T14:11:01Z"
"133",60.240825,25.113585,"2020-09-21T14:11:05Z"
"134",60.240868,25.11372,"2020-09-21T14:11:08Z"
"135",60.240895,25.11389,"2020-09-21T14:11:12Z"
"136",60.240955,25.114032,"2020-09-21T14:11:16Z"
"137",60.241027,25.114102,"2020-09-21T14:11:20Z"
"138",60.241082,25.11423,"2020-09-21T14:11:25Z"
"139",60.241147,25.11439,"2020-09-21T14:11:29Z"
"140",60.24118,25.114518,"2020-09-21T14:11:34Z"
"141",60.241252,25.114555,"2020-09-21T14:11:41Z"
"142",60.24127,25.1146,"2020-09-21T14:11:48Z"
"143",60.241277,25.114695,"2020-09-21T14:11:58Z"
"144",60.241275,25.114707,"2020-09-21T14:11:58Z"
"145",60.241252,25.114725,"2020-09-21T14:12:06Z"
"146",60.24125,25.114722,"2020-09-21T14:12:07Z"
"147",60.24123,25.114715,"2020-09-21T14:12:18Z"
"148",60.2412,25.11473,"2020-09-21T14:12:25Z"
"149",60.241197,25.11473,"2020-09-21T14:12:28Z"
"150",60.24111,25.114722,"2020-09-21T14:12:49Z"
"151",60.241025,25.11473,"2020-09-21T14:12:52Z"
"152",60.240942,25.114805,"2020-09-21T14:12:55Z"
"153",60.2409,25.11492,"2020-09-21T14:12:57Z"
"154",60.240855,25.115095,"2020-09-21T14:13:00Z"
"155",60.24082,25.11526,"2020-09-21T14:13:03Z"
"156",60.24081,25.115412,"2020-09-21T14:13:05Z"
"157",60.240778,25.11561,"2020-09-21T14:13:09Z"
"158",60.240735,25.11576,"2020-09-21T14:13:11Z"
"159",60.2407,25.115915,"2020-09-21T14:13:15Z"
"160",60.24066,25.116107,"2020-09-21T14:13:17Z"
"161",60.24062,25.116245,"2020-09-21T14:13:19Z"
"162",60.240547,25.116332,"2020-09-21T14:13:22Z"
"163",60.240455,25.116367,"2020-09-21T14:13:25Z"
"164",60.24039,25.116425,"2020-09-21T14:13:28Z"
"165",60.240307,25.11651,"2020-09-21T14:13:33Z"
"166",60.240285,25.116655,"2020-09-21T14:13:35Z"
"167",60.24031,25.116795,"2020-09-21T14:13:38Z"
"168",60.24033,25.11696,"2020-09-21T14:13:41Z"
"169",60.240307,25.117155,"2020-09-21T14:13:44Z"
"170",60.240245,25.11735,"2020-09-21T14:13:46Z"
"171",60.240215,25.11755,"2020-09-21T14:13:48Z"
"172",60.240215,25.117732,"2020-09-21T14:13:50Z"
"173",60.240212,25.117915,"2020-09-21T14:13:52Z"
"174",60.240245,25.118043,"2020-09-21T14:13:59Z"
"175",60.240295,25.118198,"2020-09-21T14:14:04Z"
"176",60.240365,25.118327,"2020-09-21T14:14:07Z"
"177",60.240435,25.118422,"2020-09-21T14:14:11Z"
"178",60.24047,25.11855,"2020-09-21T14:14:15Z"
"179",60.240555,25.118655,"2020-09-21T14:14:19Z"
"180",60.24062,25.11876,"2020-09-21T14:14:23Z"
"181",60.24069,25.118873,"2020-09-21T14:14:25Z"
"182",60.24072,25.119032,"2020-09-21T14:14:28Z"
"183",60.240757,25.119165,"2020-09-21T14:14:31Z"
"184",60.240825,25.11931,"2020-09-21T14:14:34Z"
"185",60.240885,25.1194,"2020-09-21T14:14:36Z"
"186",60.240955,25.119535,"2020-09-21T14:14:40Z"
"187",60.241037,25.119625,"2020-09-21T14:14:43Z"
"188",60.241115,25.11961,"2020-09-21T14:14:46Z"
"189",60.241183,25.11957,"2020-09-21T14:14:49Z"
"190",60.24126,25.11951,"2020-09-21T14:14:53Z"
"191",60.2413,25.119462,"2020-09-21T14:15:00Z"
"192",60.241295,25.11946,"2020-09-21T14:15:02Z"
"193",60.24133,25.119427,"2020-09-21T14:16:02Z"
"194",60.24142,25.1194,"2020-09-21T14:16:06Z"
"195",60.241495,25.119442,"2020-09-21T14:16:09Z"
"196",60.24156,25.11949,"2020-09-21T14:16:11Z"
"197",60.241632,25.119545,"2020-09-21T14:16:13Z"
"198",60.24172,25.11957,"2020-09-21T14:16:16Z"
"199",60.2418,25.119542,"2020-09-21T14:16:19Z"
"200",60.2419,25.119497,"2020-09-21T14:16:22Z"
"201",60.241975,25.11943,"2020-09-21T14:16:25Z"
"202",60.24202,25.119292,"2020-09-21T14:16:29Z"
"203",60.242095,25.119365,"2020-09-21T14:16:36Z"
"204",60.24218,25.11939,"2020-09-21T14:16:41Z"
"205",60.242235,25.119292,"2020-09-21T14:16:45Z"
"206",60.242297,25.119197,"2020-09-21T14:16:49Z"
"207",60.242382,25.11916,"2020-09-21T14:16:53Z"
"208",60.24246,25.119222,"2020-09-21T14:16:58Z"
"209",60.242545,25.119237,"2020-09-21T14:17:03Z"
"210",60.242627,25.11927,"2020-09-21T14:17:09Z"
"211",60.24271,25.11935,"2020-09-21T14:17:12Z"
"212",60.242773,25.119437,"2020-09-21T14:17:15Z"
"213",60.242855,25.119575,"2020-09-21T14:17:18Z"
"214",60.242935,25.11966,"2020-09-21T14:17:21Z"
"215",60.243005,25.119605,"2020-09-21T14:17:24Z"
"216",60.243075,25.119527,"2020-09-21T14:17:27Z"
"217",60.243145,25.119475,"2020-09-21T14:17:30Z"
"218",60.243225,25.119392,"2020-09-21T14:17:33Z"
"219",60.243285,25.119307,"2020-09-21T14:17:36Z"
"220",60.243362,25.1193,"2020-09-21T14:17:39Z"
"221",60.243465,25.11928,"2020-09-21T14:17:43Z"
"222",60.24354,25.1193,"2020-09-21T14:17:46Z"
"223",60.24363,25.119325,"2020-09-21T14:17:49Z"
"224",60.243705,25.119342,"2020-09-21T14:17:51Z"
"225",60.243802,25.119375,"2020-09-21T14:17:55Z"
"226",60.243905,25.119435,"2020-09-21T14:17:56Z"
"227",60.244,25.11942,"2020-09-21T14:17:59Z"
"228",60.244072,25.119442,"2020-09-21T14:18:02Z"
"229",60.244142,25.119525,"2020-09-21T14:18:06Z"
"230",60.24422,25.119605,"2020-09-21T14:18:09Z"
"231",60.24431,25.11966,"2020-09-21T14:18:14Z"
"232",60.244385,25.119677,"2020-09-21T14:18:18Z"
"233",60.24446,25.11964,"2020-09-21T14:18:22Z"
"234",60.24453,25.119755,"2020-09-21T14:18:26Z"
"235",60.24458,25.119867,"2020-09-21T14:18:30Z"
"236",60.24466,25.119855,"2020-09-21T14:18:34Z"
"237",60.244717,25.119725,"2020-09-21T14:18:37Z"
"238",60.24478,25.119615,"2020-09-21T14:18:42Z"
"239",60.244865,25.119627,"2020-09-21T14:18:46Z"
"240",60.244925,25.119735,"2020-09-21T14:18:50Z"
"241",60.244997,25.119827,"2020-09-21T14:18:54Z"
"242",60.24505,25.11995,"2020-09-21T14:18:58Z"
"243",60.24512,25.120045,"2020-09-21T14:19:02Z"
"244",60.245205,25.120127,"2020-09-21T14:19:06Z"
"245",60.245275,25.120203,"2020-09-21T14:19:09Z"
"246",60.24535,25.12032,"2020-09-21T14:19:13Z"
"247",60.245403,25.120475,"2020-09-21T14:19:18Z"
"248",60.245425,25.12064,"2020-09-21T14:19:21Z"
"249",60.24547,25.1208,"2020-09-21T14:19:24Z"
"250",60.245545,25.120855,"2020-09-21T14:19:28Z"
"251",60.24559,25.120987,"2020-09-21T14:19:31Z"
"252",60.245612,25.121145,"2020-09-21T14:19:35Z"
"253",60.245665,25.121277,"2020-09-21T14:19:39Z"
"254",60.245685,25.121282,"2020-09-21T14:19:47Z"
"255",60.245685,25.12128,"2020-09-21T14:19:47Z"
"256",60.24569,25.12124,"2020-09-21T14:20:06Z"
"257",60.24569,25.121237,"2020-09-21T14:20:07Z"
"258",60.245772,25.12133,"2020-09-21T14:21:04Z"
"259",60.245845,25.12136,"2020-09-21T14:21:06Z"
"260",60.245905,25.12152,"2020-09-21T14:21:08Z"
"261",60.24598,25.12169,"2020-09-21T14:21:10Z"
"262",60.246085,25.121805,"2020-09-21T14:21:12Z"
"263",60.246215,25.121865,"2020-09-21T14:21:14Z"
"264",60.246325,25.12189,"2020-09-21T14:21:16Z"
"265",60.246398,25.121895,"2020-09-21T14:21:18Z"
"266",60.246472,25.121855,"2020-09-21T14:21:20Z"
"267",60.24655,25.121765,"2020-09-21T14:21:23Z"
"268",60.246652,25.121735,"2020-09-21T14:21:26Z"
"269",60.24675,25.121685,"2020-09-21T14:21:29Z"
"270",60.24682,25.121625,"2020-09-21T14:21:33Z"
"271",60.246902,25.121567,"2020-09-21T14:21:36Z"
"272",60.24699,25.12149,"2020-09-21T14:21:39Z"
"273",60.247065,25.12144,"2020-09-21T14:21:43Z"
"274",60.2471,25.12137,"2020-09-21T14:21:51Z"
"275",60.247125,25.12121,"2020-09-21T14:21:55Z"
"276",60.24712,25.12103,"2020-09-21T14:21:58Z"
"277",60.247165,25.1209,"2020-09-21T14:22:00Z"
"278",60.24722,25.120805,"2020-09-21T14:22:03Z"
"279",60.24727,25.120655,"2020-09-21T14:22:06Z"
"280",60.247302,25.12051,"2020-09-21T14:22:07Z"
"281",60.24735,25.12039,"2020-09-21T14:22:09Z"
"282",60.247385,25.12047,"2020-09-21T14:22:16Z"
"283",60.247385,25.120617,"2020-09-21T14:22:22Z"
"284",60.2474,25.120772,"2020-09-21T14:22:28Z"
"285",60.247425,25.1209,"2020-09-21T14:22:35Z"
"286",60.247482,25.121037,"2020-09-21T14:22:41Z"
"287",60.247517,25.12118,"2020-09-21T14:22:45Z"
"288",60.247547,25.12135,"2020-09-21T14:22:50Z"
"289",60.24759,25.121505,"2020-09-21T14:22:53Z"
"290",60.24768,25.12159,"2020-09-21T14:22:56Z"
"291",60.247762,25.12158,"2020-09-21T14:22:57Z"
"292",60.247842,25.121647,"2020-09-21T14:22:59Z"
"293",60.247915,25.121625,"2020-09-21T14:23:01Z"
"294",60.24801,25.121587,"2020-09-21T14:23:05Z"
"295",60.248085,25.12153,"2020-09-21T14:23:09Z"
"296",60.24816,25.121497,"2020-09-21T14:23:16Z"
"297",60.248212,25.121485,"2020-09-21T14:23:24Z"
"298",60.24822,25.121465,"2020-09-21T14:23:27Z"
"299",60.2483,25.12149,"2020-09-21T14:23:42Z"
"300",60.248365,25.121515,"2020-09-21T14:23:49Z"
"301",60.24837,25.121482,"2020-09-21T14:23:56Z"
"302",60.248395,25.12151,"2020-09-21T14:24:04Z"
"303",60.248395,25.12151,"2020-09-21T14:24:06Z"
"304",60.24845,25.121515,"2020-09-21T14:24:13Z"
"305",60.248455,25.12153,"2020-09-21T14:24:16Z"
"306",60.248443,25.12154,"2020-09-21T14:24:33Z"
"307",60.248443,25.121535,"2020-09-21T14:24:34Z"
"308",60.24847,25.12156,"2020-09-21T14:24:56Z"
"309",60.24848,25.121565,"2020-09-21T14:24:57Z"
"310",60.24854,25.12152,"2020-09-21T14:25:05Z"
"311",60.248555,25.12152,"2020-09-21T14:25:11Z"
"312",60.24864,25.121485,"2020-09-21T14:25:15Z"
"313",60.24872,25.121435,"2020-09-21T14:25:19Z"
"314",60.248795,25.121425,"2020-09-21T14:25:22Z"
"315",60.24887,25.12147,"2020-09-21T14:25:26Z"
"316",60.248942,25.12148,"2020-09-21T14:25:28Z"
"317",60.24901,25.121535,"2020-09-21T14:25:31Z"
"318",60.2491,25.12158,"2020-09-21T14:25:36Z"
"319",60.249175,25.121545,"2020-09-21T14:25:39Z"
"320",60.249252,25.121552,"2020-09-21T14:25:43Z"
"321",60.24934,25.121622,"2020-09-21T14:25:48Z"
"322",60.249415,25.121725,"2020-09-21T14:25:51Z"
"323",60.249498,25.121745,"2020-09-21T14:25:54Z"
"324",60.249583,25.12178,"2020-09-21T14:25:58Z"
"325",60.249647,25.12193,"2020-09-21T14:26:01Z"
"326",60.24973,25.122065,"2020-09-21T14:26:04Z"
"327",60.2498,25.1221,"2020-09-21T14:26:06Z"
"328",60.249877,25.122102,"2020-09-21T14:26:08Z"
"329",60.24997,25.12208,"2020-09-21T14:26:11Z"
"330",60.250045,25.122115,"2020-09-21T14:26:16Z"
"331",60.250135,25.122182,"2020-09-21T14:26:19Z"
"332",60.250225,25.12216,"2020-09-21T14:26:22Z"
"333",60.250328,25.122165,"2020-09-21T14:26:25Z"
"334",60.250435,25.122185,"2020-09-21T14:26:28Z"
"335",60.25054,25.122222,"2020-09-21T14:26:30Z"
"336",60.25065,25.122257,"2020-09-21T14:26:31Z"
"337",60.250717,25.122412,"2020-09-21T14:26:34Z"
"338",60.250787,25.122552,"2020-09-21T14:26:38Z"
"339",60.250855,25.122672,"2020-09-21T14:26:42Z"
"340",60.250905,25.122813,"2020-09-21T14:26:46Z"
"341",60.250947,25.122955,"2020-09-21T14:26:49Z"
"342",60.251017,25.12312,"2020-09-21T14:26:52Z"
"343",60.251097,25.123255,"2020-09-21T14:26:55Z"
"344",60.25118,25.123425,"2020-09-21T14:26:57Z"
"345",60.251265,25.123475,"2020-09-21T14:26:59Z"
"346",60.25134,25.123537,"2020-09-21T14:27:01Z"
"347",60.251415,25.12368,"2020-09-21T14:27:04Z"
"348",60.251495,25.12381,"2020-09-21T14:27:07Z"
"349",60.251557,25.123895,"2020-09-21T14:27:10Z"
"350",60.251565,25.12408,"2020-09-21T14:27:14Z"
"351",60.251562,25.124225,"2020-09-21T14:27:16Z"
"352",60.251542,25.124395,"2020-09-21T14:27:18Z"
"353",60.251515,25.124565,"2020-09-21T14:27:21Z"
"354",60.251477,25.124735,"2020-09-21T14:27:22Z"
"355",60.251435,25.124875,"2020-09-21T14:27:25Z"
"356",60.25139,25.125007,"2020-09-21T14:27:27Z"
"357",60.25133,25.125182,"2020-09-21T14:27:29Z"
"358",60.251265,25.125255,"2020-09-21T14:27:33Z"
"359",60.251187,25.12534,"2020-09-21T14:27:35Z"
"360",60.25114,25.125485,"2020-09-21T14:27:39Z"
"361",60.25107,25.12561,"2020-09-21T14:27:41Z"
"362",60.251007,25.125705,"2020-09-21T14:27:43Z"
"363",60.25092,25.125765,"2020-09-21T14:27:45Z"
"364",60.250855,25.12588,"2020-09-21T14:27:47Z"
"365",60.250792,25.12599,"2020-09-21T14:27:49Z"
"366",60.25076,25.126162,"2020-09-21T14:27:52Z"
"367",60.25073,25.126275,"2020-09-21T14:28:00Z"
"368",60.250725,25.126295,"2020-09-21T14:28:01Z"
"369",60.250695,25.12636,"2020-09-21T14:28:15Z"
"370",60.250652,25.12649,"2020-09-21T14:28:19Z"
"371",60.25062,25.12667,"2020-09-21T14:28:22Z"
"372",60.25067,25.126795,"2020-09-21T14:28:27Z"
"373",60.250705,25.12686,"2020-09-21T14:28:35Z"
"374",60.250705,25.126855,"2020-09-21T14:28:38Z"
"375",60.250715,25.126865,"2020-09-21T14:28:51Z"
"376",60.250715,25.126865,"2020-09-21T14:28:52Z"
"377",60.250747,25.126925,"2020-09-21T14:29:32Z"
"378",60.25075,25.126925,"2020-09-21T14:29:33Z"
"379",60.25079,25.126905,"2020-09-21T14:29:50Z"
"380",60.250792,25.1269,"2020-09-21T14:29:51Z"
"381",60.25081,25.126885,"2020-09-21T14:32:55Z"
"382",60.25087,25.12697,"2020-09-21T14:32:59Z"
"383",60.250945,25.127102,"2020-09-21T14:33:01Z"
"384",60.25103,25.1272,"2020-09-21T14:33:05Z"
"385",60.25112,25.127252,"2020-09-21T14:33:07Z"
"386",60.251185,25.127337,"2020-09-21T14:33:09Z"
"387",60.251232,25.127477,"2020-09-21T14:33:11Z"
"388",60.251277,25.127625,"2020-09-21T14:33:14Z"
"389",60.25136,25.12766,"2020-09-21T14:33:18Z"
"390",60.25144,25.12765,"2020-09-21T14:33:21Z"
"391",60.25152,25.12769,"2020-09-21T14:33:25Z"
"392",60.2516,25.12778,"2020-09-21T14:33:29Z"
"393",60.25168,25.127802,"2020-09-21T14:33:32Z"
"394",60.25176,25.127815,"2020-09-21T14:33:35Z"
"395",60.251863,25.127822,"2020-09-21T14:33:39Z"
"396",60.25196,25.12781,"2020-09-21T14:33:42Z"
"397",60.25203,25.12784,"2020-09-21T14:33:45Z"
"398",60.25212,25.127885,"2020-09-21T14:33:48Z"
"399",60.252195,25.127995,"2020-09-21T14:33:53Z"
"400",60.252235,25.12813,"2020-09-21T14:33:54Z"
"401",60.25227,25.128287,"2020-09-21T14:33:56Z"
"402",60.252312,25.128425,"2020-09-21T14:33:59Z"
"403",60.25237,25.128555,"2020-09-21T14:34:01Z"
"404",60.252425,25.128675,"2020-09-21T14:34:05Z"
"405",60.25251,25.12878,"2020-09-21T14:34:09Z"
"406",60.252537,25.128917,"2020-09-21T14:34:11Z"
"407",60.252575,25.129085,"2020-09-21T14:34:13Z"
"408",60.25262,25.129255,"2020-09-21T14:34:17Z"
"409",60.252657,25.129455,"2020-09-21T14:34:20Z"
"410",60.25266,25.129617,"2020-09-21T14:34:21Z"
"411",60.25266,25.129765,"2020-09-21T14:34:23Z"
"412",60.252685,25.129903,"2020-09-21T14:34:26Z"
"413",60.25276,25.129925,"2020-09-21T14:34:33Z"
"414",60.252845,25.129942,"2020-09-21T14:34:36Z"
"415",60.25292,25.130015,"2020-09-21T14:34:38Z"
"416",60.253005,25.13006,"2020-09-21T14:34:41Z"
"417",60.25308,25.130072,"2020-09-21T14:34:47Z"
"418",60.253085,25.130077,"2020-09-21T14:34:53Z"
"419",60.25311,25.130095,"2020-09-21T14:35:00Z"
"420",60.253115,25.130095,"2020-09-21T14:35:01Z"
"421",60.253205,25.130195,"2020-09-21T14:35:57Z"
"422",60.25328,25.130225,"2020-09-21T14:35:58Z"
"423",60.253382,25.13026,"2020-09-21T14:36:00Z"
"424",60.25349,25.13029,"2020-09-21T14:36:04Z"
"425",60.253575,25.13026,"2020-09-21T14:36:07Z"
"426",60.25366,25.130212,"2020-09-21T14:36:09Z"
"427",60.253735,25.130165,"2020-09-21T14:36:12Z"
"428",60.253825,25.130115,"2020-09-21T14:36:16Z"
"429",60.253903,25.130092,"2020-09-21T14:36:22Z"
"430",60.25391,25.13007,"2020-09-21T14:36:29Z"
"431",60.253892,25.12991,"2020-09-21T14:37:06Z"
"432",60.253915,25.129735,"2020-09-21T14:37:10Z"
"433",60.253945,25.12958,"2020-09-21T14:37:14Z"
"434",60.253965,25.12941,"2020-09-21T14:37:17Z"
"435",60.253935,25.129275,"2020-09-21T14:37:21Z"
"436",60.25387,25.12919,"2020-09-21T14:37:25Z"
"437",60.253885,25.12901,"2020-09-21T14:37:29Z"
"438",60.253888,25.12886,"2020-09-21T14:37:34Z"
"439",60.253895,25.128685,"2020-09-21T14:37:39Z"
"440",60.253887,25.128505,"2020-09-21T14:37:43Z"
"441",60.253887,25.12834,"2020-09-21T14:37:47Z"
"442",60.25387,25.128137,"2020-09-21T14:37:52Z"
"443",60.253862,25.127977,"2020-09-21T14:37:55Z"
"444",60.253855,25.12781,"2020-09-21T14:37:59Z"
"445",60.253825,25.12766,"2020-09-21T14:38:04Z"
"446",60.253842,25.127513,"2020-09-21T14:38:09Z"
"447",60.253887,25.127367,"2020-09-21T14:38:14Z"
"448",60.25395,25.12728,"2020-09-21T14:38:20Z"
"449",60.254005,25.12723,"2020-09-21T14:38:26Z"
"450",60.25401,25.127215,"2020-09-21T14:38:32Z"
"451",60.254,25.127217,"2020-09-21T14:38:55Z"
"452",60.254,25.127217,"2020-09-21T14:38:56Z"
"453",60.25399,25.127095,"2020-09-21T14:39:07Z"
"454",60.253985,25.127137,"2020-09-21T14:39:14Z"
"455",60.253985,25.127137,"2020-09-21T14:39:15Z"
"456",60.254,25.127192,"2020-09-21T14:40:39Z"
"457",60.254,25.12719,"2020-09-21T14:40:41Z"
"458",60.25408,25.127182,"2020-09-21T14:40:57Z"
"459",60.254155,25.12718,"2020-09-21T14:41:00Z"
"460",60.254212,25.127075,"2020-09-21T14:41:04Z"
"461",60.25429,25.12697,"2020-09-21T14:41:06Z"
"462",60.254347,25.12678,"2020-09-21T14:41:08Z"
"463",60.254375,25.126615,"2020-09-21T14:41:11Z"
"464",60.25444,25.126497,"2020-09-21T14:41:15Z"
"465",60.254512,25.126465,"2020-09-21T14:41:21Z"
"466",60.254572,25.126413,"2020-09-21T14:41:28Z"
"467",60.25463,25.12636,"2020-09-21T14:41:35Z"
"468",60.254705,25.126322,"2020-09-21T14:41:40Z"
"469",60.254755,25.126265,"2020-09-21T14:41:48Z"
"470",60.254767,25.126245,"2020-09-21T14:41:53Z"
"471",60.254787,25.1262,"2020-09-21T14:42:03Z"
"472",60.25479,25.1262,"2020-09-21T14:42:04Z"
"473",60.25487,25.12621,"2020-09-21T14:42:23Z"
"474",60.254905,25.126247,"2020-09-21T14:42:30Z"
"475",60.2549,25.126233,"2020-09-21T14:42:32Z"
"476",60.25493,25.126095,"2020-09-21T14:42:49Z"
"477",60.25498,25.125992,"2020-09-21T14:42:54Z"
"478",60.255055,25.12605,"2020-09-21T14:43:00Z"
"479",60.25507,25.126155,"2020-09-21T14:43:08Z"
"480",60.255055,25.126097,"2020-09-21T14:43:14Z"
"481",60.255112,25.125995,"2020-09-21T14:43:18Z"
"482",60.255145,25.12591,"2020-09-21T14:43:26Z"
"483",60.255077,25.125845,"2020-09-21T14:43:29Z"
"484",60.255,25.125765,"2020-09-21T14:43:34Z"
"485",60.254935,25.125635,"2020-09-21T14:43:39Z"
"486",60.254895,25.125465,"2020-09-21T14:43:41Z"
"487",60.25485,25.125352,"2020-09-21T14:43:47Z"
"488",60.254855,25.125345,"2020-09-21T14:43:50Z"
"489",60.254855,25.12523,"2020-09-21T14:43:58Z"
"490",60.254855,25.125225,"2020-09-21T14:44:01Z"
"491",60.254865,25.1252,"2020-09-21T14:44:12Z"
"492",60.254865,25.1252,"2020-09-21T14:44:13Z"
"493",60.254847,25.125235,"2020-09-21T14:44:35Z"
"494",60.254845,25.125217,"2020-09-21T14:44:36Z"
"495",60.25484,25.125135,"2020-09-21T14:44:44Z"
"496",60.254835,25.125135,"2020-09-21T14:44:44Z"
"497",60.254817,25.125092,"2020-09-21T14:44:53Z"
"498",60.254818,25.125082,"2020-09-21T14:44:54Z"
"499",60.25486,25.12496,"2020-09-21T14:45:02Z"
"500",60.25487,25.12491,"2020-09-21T14:45:08Z"
"501",60.25486,25.12491,"2020-09-21T14:45:11Z"
"502",60.25485,25.124882,"2020-09-21T14:45:29Z"
"503",60.25485,25.124882,"2020-09-21T14:45:30Z"
"504",60.25486,25.124825,"2020-09-21T14:45:41Z"
"505",60.25486,25.124825,"2020-09-21T14:45:42Z"
"506",60.254825,25.124725,"2020-09-21T14:46:20Z"
"507",60.254825,25.12457,"2020-09-21T14:46:25Z"
"508",60.254815,25.1244,"2020-09-21T14:46:31Z"
"509",60.254802,25.12425,"2020-09-21T14:46:34Z"
"510",60.254782,25.124055,"2020-09-21T14:46:37Z"
"511",60.254755,25.123915,"2020-09-21T14:46:40Z"
"512",60.25474,25.123767,"2020-09-21T14:46:44Z"
"513",60.254732,25.123627,"2020-09-21T14:46:52Z"
"514",60.254705,25.123458,"2020-09-21T14:46:56Z"
"515",60.25471,25.12331,"2020-09-21T14:47:00Z"
"516",60.254725,25.123137,"2020-09-21T14:47:05Z"
"517",60.254715,25.12298,"2020-09-21T14:47:10Z"
"518",60.254663,25.122875,"2020-09-21T14:47:12Z"
"519",60.254615,25.12276,"2020-09-21T14:47:15Z"
"520",60.25457,25.12264,"2020-09-21T14:47:18Z"
"521",60.25452,25.122495,"2020-09-21T14:47:22Z"
"522",60.254465,25.122397,"2020-09-21T14:47:27Z"
"523",60.25439,25.122335,"2020-09-21T14:47:30Z"
"524",60.25431,25.12228,"2020-09-21T14:47:34Z"
"525",60.254235,25.12218,"2020-09-21T14:47:38Z"
"526",60.254155,25.122093,"2020-09-21T14:47:42Z"
"527",60.254155,25.121935,"2020-09-21T14:47:48Z"
"528",60.254225,25.12184,"2020-09-21T14:47:53Z"
"529",60.25431,25.121805,"2020-09-21T14:47:59Z"
"530",60.25436,25.121742,"2020-09-21T14:48:07Z"
"531",60.254365,25.12175,"2020-09-21T14:48:10Z"
"532",60.25438,25.12174,"2020-09-21T14:48:46Z"
"533",60.25438,25.121742,"2020-09-21T14:48:47Z"
"534",60.25445,25.121815,"2020-09-21T14:48:58Z"
"535",60.254555,25.121755,"2020-09-21T14:49:01Z"
"536",60.254625,25.121702,"2020-09-21T14:49:05Z"
"537",60.25474,25.121635,"2020-09-21T14:49:07Z"
"538",60.254815,25.121625,"2020-09-21T14:49:09Z"
"539",60.2549,25.121555,"2020-09-21T14:49:12Z"
"540",60.254992,25.121445,"2020-09-21T14:49:14Z"
"541",60.255065,25.12145,"2020-09-21T14:49:17Z"
"542",60.25514,25.12146,"2020-09-21T14:49:19Z"
"543",60.255215,25.121405,"2020-09-21T14:49:22Z"
"544",60.255305,25.121355,"2020-09-21T14:49:26Z"
"545",60.255372,25.121305,"2020-09-21T14:49:29Z"
"546",60.255442,25.121223,"2020-09-21T14:49:32Z"
"547",60.25544,25.121075,"2020-09-21T14:49:37Z"
"548",60.255407,25.120932,"2020-09-21T14:49:43Z"
"549",60.255352,25.120795,"2020-09-21T14:49:49Z"
"550",60.255295,25.120715,"2020-09-21T14:49:55Z"
"551",60.255245,25.1206,"2020-09-21T14:50:01Z"
"552",60.255177,25.120545,"2020-09-21T14:50:04Z"
"553",60.2551,25.12047,"2020-09-21T14:50:08Z"
"554",60.255035,25.120365,"2020-09-21T14:50:13Z"
"555",60.25497,25.120265,"2020-09-21T14:50:16Z"
"556",60.254897,25.120265,"2020-09-21T14:50:20Z"
"557",60.254807,25.120195,"2020-09-21T14:50:25Z"
"558",60.254802,25.120037,"2020-09-21T14:50:28Z"
"559",60.25485,25.11992,"2020-09-21T14:50:31Z"
"560",60.254825,25.11975,"2020-09-21T14:50:36Z"
"561",60.254845,25.11961,"2020-09-21T14:50:40Z"
"562",60.254835,25.11945,"2020-09-21T14:50:47Z"
"563",60.25483,25.119275,"2020-09-21T14:50:52Z"
"564",60.254855,25.119135,"2020-09-21T14:50:58Z"
"565",60.254873,25.11898,"2020-09-21T14:51:03Z"
"566",60.254905,25.118807,"2020-09-21T14:51:07Z"
"567",60.25494,25.118662,"2020-09-21T14:51:11Z"
"568",60.25494,25.11849,"2020-09-21T14:51:16Z"
"569",60.254957,25.118315,"2020-09-21T14:51:19Z"
"570",60.254942,25.11816,"2020-09-21T14:51:23Z"
"571",60.254945,25.118035,"2020-09-21T14:51:30Z"
"572",60.254952,25.11802,"2020-09-21T14:51:33Z"
"573",60.254957,25.11802,"2020-09-21T14:51:52Z"
"574",60.254955,25.11802,"2020-09-21T14:51:53Z"
"575",60.25495,25.11802,"2020-09-21T14:52:18Z"
"576",60.254952,25.118022,"2020-09-21T14:52:19Z"
"577",60.25495,25.118015,"2020-09-21T14:52:31Z"
"578",60.254957,25.118012,"2020-09-21T14:52:33Z"
"579",60.25502,25.118043,"2020-09-21T14:52:40Z"
"580",60.255025,25.11809,"2020-09-21T14:52:46Z"
"581",60.255027,25.11811,"2020-09-21T14:52:56Z"
"582",60.255027,25.11811,"2020-09-21T14:52:57Z"
"583",60.255037,25.118105,"2020-09-21T14:53:17Z"
"584",60.255037,25.118105,"2020-09-21T14:53:18Z"
"585",60.2551,25.117997,"2020-09-21T14:54:10Z"
"586",60.255165,25.117835,"2020-09-21T14:54:13Z"
"587",60.255155,25.117615,"2020-09-21T14:54:15Z"
"588",60.255125,25.11746,"2020-09-21T14:54:17Z"
"589",60.255038,25.117367,"2020-09-21T14:54:19Z"
"590",60.254957,25.117265,"2020-09-21T14:54:21Z"
"591",60.254877,25.117165,"2020-09-21T14:54:25Z"
"592",60.254803,25.117055,"2020-09-21T14:54:27Z"
"593",60.25473,25.11695,"2020-09-21T14:54:29Z"
"594",60.254655,25.11685,"2020-09-21T14:54:31Z"
"595",60.254585,25.116775,"2020-09-21T14:54:33Z"
"596",60.2545,25.116697,"2020-09-21T14:54:35Z"
"597",60.254427,25.116625,"2020-09-21T14:54:38Z"
"598",60.254352,25.1165,"2020-09-21T14:54:40Z"
"599",60.2543,25.116365,"2020-09-21T14:54:43Z"
"600",60.254245,25.116187,"2020-09-21T14:54:46Z"
"601",60.25421,25.115985,"2020-09-21T14:54:50Z"
"602",60.254175,25.115837,"2020-09-21T14:54:51Z"
"603",60.25414,25.1157,"2020-09-21T14:54:53Z"
"604",60.25404,25.115692,"2020-09-21T14:54:55Z"
"605",60.253955,25.115685,"2020-09-21T14:54:57Z"
"606",60.253865,25.115675,"2020-09-21T14:54:59Z"
"607",60.25379,25.115635,"2020-09-21T14:55:01Z"
"608",60.253705,25.115535,"2020-09-21T14:55:05Z"
"609",60.253615,25.11542,"2020-09-21T14:55:08Z"
"610",60.253542,25.115305,"2020-09-21T14:55:10Z"
"611",60.25348,25.115202,"2020-09-21T14:55:12Z"
"612",60.253415,25.1151,"2020-09-21T14:55:14Z"
"613",60.253357,25.114973,"2020-09-21T14:55:16Z"
"614",60.25328,25.114922,"2020-09-21T14:55:18Z"
"615",60.253208,25.114915,"2020-09-21T14:55:20Z"
"616",60.253137,25.11488,"2020-09-21T14:55:22Z"
"617",60.25305,25.114805,"2020-09-21T14:55:25Z"
"618",60.25297,25.114685,"2020-09-21T14:55:30Z"
"619",60.252935,25.114558,"2020-09-21T14:55:31Z"
"620",60.252935,25.114405,"2020-09-21T14:55:33Z"
"621",60.25296,25.114272,"2020-09-21T14:55:36Z"
"622",60.252957,25.114085,"2020-09-21T14:55:38Z"
"623",60.25301,25.113912,"2020-09-21T14:55:42Z"
"624",60.25307,25.113795,"2020-09-21T14:55:44Z"
"625",60.253112,25.113635,"2020-09-21T14:55:48Z"
"626",60.253138,25.11349,"2020-09-21T14:55:52Z"
"627",60.25312,25.113332,"2020-09-21T14:55:56Z"
"628",60.253115,25.113172,"2020-09-21T14:55:58Z"
"629",60.253107,25.11299,"2020-09-21T14:56:02Z"
"630",60.253105,25.112823,"2020-09-21T14:56:06Z"
"631",60.253052,25.1127,"2020-09-21T14:56:11Z"
"632",60.252995,25.112545,"2020-09-21T14:56:14Z"
"633",60.253,25.112455,"2020-09-21T14:56:21Z"
"634",60.253,25.112462,"2020-09-21T14:56:23Z"
"635",60.252983,25.112237,"2020-09-21T14:56:33Z"
"636",60.253035,25.112125,"2020-09-21T14:56:35Z"
"637",60.253115,25.112075,"2020-09-21T14:56:37Z"
"638",60.25319,25.112035,"2020-09-21T14:56:39Z"
"639",60.253282,25.11205,"2020-09-21T14:56:42Z"
"640",60.253355,25.112028,"2020-09-21T14:56:44Z"
"641",60.253425,25.111995,"2020-09-21T14:56:47Z"
"642",60.253507,25.111965,"2020-09-21T14:56:48Z"
"643",60.253602,25.1119,"2020-09-21T14:56:50Z"
"644",60.253685,25.111905,"2020-09-21T14:56:53Z"
"645",60.253785,25.1119,"2020-09-21T14:56:54Z"
"646",60.253897,25.111873,"2020-09-21T14:56:56Z"
"647",60.254015,25.11182,"2020-09-21T14:56:59Z"
"648",60.254135,25.11177,"2020-09-21T14:57:00Z"
"649",60.25426,25.11171,"2020-09-21T14:57:02Z"
"650",60.25438,25.111672,"2020-09-21T14:57:05Z"
"651",60.254487,25.11165,"2020-09-21T14:57:06Z"
"652",60.254567,25.111615,"2020-09-21T14:57:08Z"
"653",60.254645,25.111595,"2020-09-21T14:57:11Z"
"654",60.254732,25.111575,"2020-09-21T14:57:12Z"
"655",60.254825,25.11155,"2020-09-21T14:57:14Z"
"656",60.25491,25.111535,"2020-09-21T14:57:17Z"
"657",60.25499,25.1115,"2020-09-21T14:57:18Z"
"658",60.255037,25.111395,"2020-09-21T14:57:21Z"
"659",60.255025,25.111223,"2020-09-21T14:57:26Z"
"660",60.25506,25.111095,"2020-09-21T14:57:31Z"
"661",60.255132,25.111005,"2020-09-21T14:57:35Z"
"662",60.255182,25.110845,"2020-09-21T14:57:38Z"
"663",60.25523,25.110717,"2020-09-21T14:57:41Z"
"664",60.255277,25.11061,"2020-09-21T14:57:43Z"
"665",60.255347,25.110485,"2020-09-21T14:57:47Z"
"666",60.2554,25.110375,"2020-09-21T14:57:49Z"
"667",60.25546,25.110245,"2020-09-21T14:57:53Z"
"668",60.25552,25.110135,"2020-09-21T14:57:54Z"
"669",60.2556,25.109973,"2020-09-21T14:57:57Z"
"670",60.25564,25.10983,"2020-09-21T14:58:00Z"
"671",60.25568,25.10969,"2020-09-21T14:58:03Z"
"672",60.25573,25.10954,"2020-09-21T14:58:07Z"
"673",60.2558,25.109395,"2020-09-21T14:58:10Z"
"674",60.255865,25.109272,"2020-09-21T14:58:13Z"
"675",60.255925,25.10914,"2020-09-21T14:58:16Z"
"676",60.255985,25.109035,"2020-09-21T14:58:18Z"
"677",60.25605,25.108935,"2020-09-21T14:58:20Z"
"678",60.25611,25.108807,"2020-09-21T14:58:23Z"
"679",60.256167,25.108692,"2020-09-21T14:58:26Z"
"680",60.256232,25.108565,"2020-09-21T14:58:29Z"
"681",60.25631,25.108417,"2020-09-21T14:58:34Z"
"682",60.256365,25.108287,"2020-09-21T14:58:36Z"
"683",60.256405,25.10812,"2020-09-21T14:58:40Z"
"684",60.256425,25.107925,"2020-09-21T14:58:42Z"
"685",60.25645,25.10776,"2020-09-21T14:58:46Z"
"686",60.25653,25.107715,"2020-09-21T14:58:48Z"
"687",60.25661,25.107727,"2020-09-21T14:58:52Z"
"688",60.256675,25.107635,"2020-09-21T14:58:54Z"
"689",60.25673,25.107525,"2020-09-21T14:58:58Z"
"690",60.256782,25.107385,"2020-09-21T14:59:00Z"
"691",60.256825,25.107242,"2020-09-21T14:59:04Z"
"692",60.25687,25.107125,"2020-09-21T14:59:06Z"
"693",60.256922,25.107018,"2020-09-21T14:59:10Z"
"694",60.25698,25.10688,"2020-09-21T14:59:12Z"
"695",60.257025,25.106692,"2020-09-21T14:59:16Z"
"696",60.25707,25.10653,"2020-09-21T14:59:17Z"
"697",60.257115,25.106365,"2020-09-21T14:59:19Z"
"698",60.257162,25.106185,"2020-09-21T14:59:22Z"
"699",60.257212,25.106,"2020-09-21T14:59:23Z"
"700",60.257265,25.105825,"2020-09-21T14:59:25Z"
"701",60.257315,25.105653,"2020-09-21T14:59:27Z"
"702",60.25736,25.105495,"2020-09-21T14:59:29Z"
"703",60.257395,25.105335,"2020-09-21T14:59:31Z"
"704",60.257445,25.10519,"2020-09-21T14:59:34Z"
"705",60.257497,25.105047,"2020-09-21T14:59:35Z"
"706",60.25755,25.104905,"2020-09-21T14:59:37Z"
"707",60.25761,25.10475,"2020-09-21T14:59:39Z"
"708",60.25766,25.104602,"2020-09-21T14:59:41Z"
"709",60.257715,25.104477,"2020-09-21T14:59:43Z"
"710",60.257765,25.10435,"2020-09-21T14:59:45Z"
"711",60.257815,25.10422,"2020-09-21T14:59:47Z"
"712",60.25787,25.104117,"2020-09-21T14:59:49Z"
"713",60.25793,25.10398,"2020-09-21T14:59:51Z"
"714",60.257982,25.10382,"2020-09-21T14:59:53Z"
"715",60.258045,25.10364,"2020-09-21T14:59:55Z"
"716",60.258105,25.10345,"2020-09-21T14:59:57Z"
"717",60.258165,25.10325,"2020-09-21T14:59:59Z"
"718",60.25823,25.103043,"2020-09-21T15:00:01Z"
"719",60.2583,25.10284,"2020-09-21T15:00:03Z"
"720",60.25837,25.102605,"2020-09-21T15:00:05Z"
"721",60.25843,25.102402,"2020-09-21T15:00:07Z"
"722",60.258475,25.10224,"2020-09-21T15:00:09Z"
"723",60.258527,25.102115,"2020-09-21T15:00:11Z"
"724",60.258585,25.101995,"2020-09-21T15:00:13Z"
"725",60.258652,25.101885,"2020-09-21T15:00:15Z"
"726",60.258715,25.101745,"2020-09-21T15:00:17Z"
"727",60.258785,25.101635,"2020-09-21T15:00:19Z"
"728",60.258842,25.101532,"2020-09-21T15:00:21Z"
"729",60.258902,25.10143,"2020-09-21T15:00:23Z"
"730",60.258977,25.101347,"2020-09-21T15:00:25Z"
"731",60.259048,25.101267,"2020-09-21T15:00:27Z"
"732",60.25911,25.101155,"2020-09-21T15:00:29Z"
"733",60.259175,25.101045,"2020-09-21T15:00:31Z"
"734",60.259242,25.100927,"2020-09-21T15:00:33Z"
"735",60.259302,25.10081,"2020-09-21T15:00:35Z"
"736",60.25936,25.10068,"2020-09-21T15:00:37Z"
"737",60.25942,25.100545,"2020-09-21T15:00:39Z"
"738",60.25946,25.10042,"2020-09-21T15:00:41Z"
"739",60.259527,25.100242,"2020-09-21T15:00:44Z"
"740",60.259582,25.100127,"2020-09-21T15:00:47Z"
"741",60.25963,25.1,"2020-09-21T15:00:48Z"
"742",60.25967,25.099835,"2020-09-21T15:00:51Z"
"743",60.259673,25.099685,"2020-09-21T15:00:53Z"
"744",60.25965,25.099535,"2020-09-21T15:00:55Z"
"745",60.259625,25.09938,"2020-09-21T15:00:58Z"
"746",60.2596,25.09924,"2020-09-21T15:01:00Z"
"747",60.259572,25.09905,"2020-09-21T15:01:02Z"
"748",60.25955,25.098905,"2020-09-21T15:01:05Z"
"749",60.259525,25.098765,"2020-09-21T15:01:11Z"
"750",60.25946,25.09867,"2020-09-21T15:01:14Z"
"751",60.259375,25.09863,"2020-09-21T15:01:17Z"
"752",60.259278,25.098655,"2020-09-21T15:01:20Z"
"753",60.259185,25.098625,"2020-09-21T15:01:23Z"
"754",60.259095,25.098567,"2020-09-21T15:01:27Z"
"755",60.25902,25.098532,"2020-09-21T15:01:29Z"
"756",60.258935,25.09851,"2020-09-21T15:01:32Z"
"757",60.258862,25.09851,"2020-09-21T15:01:35Z"
"758",60.25886,25.098485,"2020-09-21T15:01:42Z"
"759",60.25886,25.09848,"2020-09-21T15:01:43Z"
"760",60.25884,25.098495,"2020-09-21T15:02:11Z"
"761",60.258752,25.098515,"2020-09-21T15:02:14Z"
"762",60.25868,25.098485,"2020-09-21T15:02:16Z"
"763",60.258587,25.098427,"2020-09-21T15:02:19Z"
"764",60.258485,25.098375,"2020-09-21T15:02:23Z"
"765",60.25841,25.09837,"2020-09-21T15:02:23Z"
"766",60.258315,25.09835,"2020-09-21T15:02:25Z"
"767",60.258218,25.098305,"2020-09-21T15:02:27Z"
"768",60.25815,25.09822,"2020-09-21T15:02:29Z"
"769",60.258068,25.098095,"2020-09-21T15:02:33Z"
"770",60.258025,25.09796,"2020-09-21T15:02:34Z"
"771",60.257962,25.097812,"2020-09-21T15:02:36Z"
"772",60.257955,25.097625,"2020-09-21T15:02:38Z"
"773",60.25795,25.097455,"2020-09-21T15:02:40Z"
"774",60.257927,25.09731,"2020-09-21T15:02:42Z"
"775",60.257932,25.097132,"2020-09-21T15:02:44Z"
"776",60.257947,25.09697,"2020-09-21T15:02:46Z"
"777",60.257945,25.096777,"2020-09-21T15:02:50Z"
"778",60.25788,25.0967,"2020-09-21T15:02:56Z"
"779",60.257805,25.09668,"2020-09-21T15:03:00Z"
"780",60.257745,25.096595,"2020-09-21T15:03:05Z"
"781",60.25768,25.09651,"2020-09-21T15:03:11Z"
"782",60.25761,25.09638,"2020-09-21T15:03:15Z"
"783",60.257565,25.096265,"2020-09-21T15:03:18Z"
"784",60.257528,25.09613,"2020-09-21T15:03:21Z"
"785",60.257475,25.096012,"2020-09-21T15:03:26Z"
"786",60.25745,25.09587,"2020-09-21T15:03:29Z"
"787",60.25745,25.095702,"2020-09-21T15:03:32Z"
"788",60.257422,25.095537,"2020-09-21T15:03:35Z"
"789",60.25734,25.095445,"2020-09-21T15:03:39Z"
"790",60.25724,25.09542,"2020-09-21T15:03:41Z"
"791",60.25715,25.09542,"2020-09-21T15:03:44Z"
"792",60.25707,25.095395,"2020-09-21T15:03:47Z"
"793",60.256997,25.09536,"2020-09-21T15:03:50Z"
"794",60.256923,25.095247,"2020-09-21T15:03:54Z"
"795",60.256852,25.095095,"2020-09-21T15:03:58Z"
"796",60.256822,25.094945,"2020-09-21T15:04:00Z"
"797",60.2568,25.0948,"2020-09-21T15:04:04Z"
"798",60.256772,25.094637,"2020-09-21T15:04:07Z"
"799",60.256745,25.094472,"2020-09-21T15:04:10Z"
"800",60.256755,25.094297,"2020-09-21T15:04:13Z"
"801",60.25678,25.094125,"2020-09-21T15:04:17Z"
"802",60.256792,25.09395,"2020-09-21T15:04:22Z"
"803",60.256835,25.09383,"2020-09-21T15:04:25Z"
"804",60.256905,25.09381,"2020-09-21T15:04:30Z"
"805",60.256995,25.093837,"2020-09-21T15:04:34Z"
"806",60.25708,25.093805,"2020-09-21T15:04:37Z"
"807",60.257162,25.09374,"2020-09-21T15:04:40Z"
"808",60.257235,25.093678,"2020-09-21T15:04:43Z"
"809",60.25732,25.093672,"2020-09-21T15:04:47Z"
"810",60.257387,25.093727,"2020-09-21T15:04:52Z"
"811",60.257455,25.093802,"2020-09-21T15:04:55Z"
"812",60.25754,25.093867,"2020-09-21T15:04:59Z"
"813",60.257602,25.093925,"2020-09-21T15:05:03Z"
"814",60.257683,25.09398,"2020-09-21T15:05:05Z"
"815",60.25777,25.094027,"2020-09-21T15:05:09Z"
"816",60.257843,25.094065,"2020-09-21T15:05:11Z"
"817",60.257925,25.094125,"2020-09-21T15:05:15Z"
"818",60.25801,25.094185,"2020-09-21T15:05:18Z"
"819",60.258092,25.09424,"2020-09-21T15:05:22Z"
"820",60.25818,25.094285,"2020-09-21T15:05:25Z"
"821",60.258255,25.094282,"2020-09-21T15:05:27Z"
"822",60.25834,25.09431,"2020-09-21T15:05:29Z"
"823",60.25841,25.094365,"2020-09-21T15:05:31Z"
"824",60.25849,25.094382,"2020-09-21T15:05:33Z"
"825",60.25856,25.09445,"2020-09-21T15:05:34Z"
"826",60.258645,25.094535,"2020-09-21T15:05:39Z"
"827",60.258727,25.094593,"2020-09-21T15:05:44Z"
"828",60.258805,25.094628,"2020-09-21T15:05:47Z"
"829",60.258905,25.094605,"2020-09-21T15:05:50Z"
"830",60.25899,25.09452,"2020-09-21T15:05:53Z"
"831",60.259052,25.094455,"2020-09-21T15:05:55Z"
"832",60.259135,25.094367,"2020-09-21T15:05:59Z"
"833",60.259193,25.09428,"2020-09-21T15:06:02Z"
"834",60.25925,25.09417,"2020-09-21T15:06:06Z"
"835",60.259335,25.094125,"2020-09-21T15:06:11Z"
"836",60.259422,25.094105,"2020-09-21T15:06:14Z"
"837",60.2595,25.094045,"2020-09-21T15:06:18Z"
"838",60.259572,25.093992,"2020-09-21T15:06:25Z"
"839",60.259615,25.093943,"2020-09-21T15:06:32Z"
"840",60.25963,25.09395,"2020-09-21T15:06:35Z"
"841",60.2597,25.093955,"2020-09-21T15:06:41Z"
"842",60.259785,25.09393,"2020-09-21T15:06:44Z"
"843",60.25985,25.093825,"2020-09-21T15:06:48Z"
"844",60.259882,25.09369,"2020-09-21T15:06:52Z"
"845",60.25995,25.093567,"2020-09-21T15:06:58Z"
"846",60.26003,25.09352,"2020-09-21T15:07:04Z"
"847",60.26009,25.093492,"2020-09-21T15:07:10Z"
"848",60.260085,25.093493,"2020-09-21T15:07:14Z"
"849",60.260075,25.093495,"2020-09-21T15:07:25Z"
"850",60.260075,25.093495,"2020-09-21T15:07:27Z"
"851",60.26008,25.09333,"2020-09-21T15:07:50Z"
"852",60.260057,25.093175,"2020-09-21T15:07:56Z"
"853",60.260037,25.093027,"2020-09-21T15:07:59Z"
"854",60.25998,25.09288,"2020-09-21T15:08:03Z"
"855",60.259945,25.092747,"2020-09-21T15:08:08Z"
"856",60.259932,25.09259,"2020-09-21T15:08:11Z"
"857",60.259905,25.09242,"2020-09-21T15:08:16Z"
"858",60.259905,25.09224,"2020-09-21T15:08:19Z"
"859",60.259875,25.092053,"2020-09-21T15:08:23Z"
"860",60.25984,25.091898,"2020-09-21T15:08:26Z"
"861",60.259805,25.091775,"2020-09-21T15:08:29Z"
"862",60.25979,25.09162,"2020-09-21T15:08:32Z"
"863",60.25979,25.091455,"2020-09-21T15:08:35Z"
"864",60.259782,25.091275,"2020-09-21T15:08:39Z"
"865",60.25975,25.091097,"2020-09-21T15:08:42Z"
"866",60.259722,25.090907,"2020-09-21T15:08:45Z"
"867",60.259705,25.09074,"2020-09-21T15:08:48Z"
"868",60.25968,25.090567,"2020-09-21T15:08:52Z"
"869",60.259692,25.090385,"2020-09-21T15:08:56Z"
"870",60.259685,25.09021,"2020-09-21T15:08:59Z"
"871",60.25968,25.090065,"2020-09-21T15:09:03Z"
"872",60.25967,25.0899,"2020-09-21T15:09:09Z"
"873",60.259645,25.0897,"2020-09-21T15:09:11Z"
"874",60.25963,25.08953,"2020-09-21T15:09:15Z"
"875",60.25958,25.089415,"2020-09-21T15:09:19Z"
"876",60.25956,25.089272,"2020-09-21T15:09:23Z"
"877",60.259557,25.089137,"2020-09-21T15:09:30Z"
"878",60.25956,25.08914,"2020-09-21T15:09:33Z"
"879",60.259562,25.089098,"2020-09-21T15:09:50Z"
"880",60.259565,25.089097,"2020-09-21T15:09:50Z"
"881",60.259565,25.089087,"2020-09-21T15:10:41Z"
"882",60.259565,25.08909,"2020-09-21T15:10:43Z"
"883",60.25951,25.088955,"2020-09-21T15:10:52Z"
"884",60.25947,25.08879,"2020-09-21T15:10:55Z"
"885",60.259433,25.08865,"2020-09-21T15:10:56Z"
"886",60.259348,25.08858,"2020-09-21T15:10:58Z"
"887",60.25927,25.08856,"2020-09-21T15:11:00Z"
"888",60.25919,25.08858,"2020-09-21T15:11:02Z"
"889",60.259112,25.088612,"2020-09-21T15:11:04Z"
"890",60.259025,25.088635,"2020-09-21T15:11:07Z"
"891",60.258945,25.088647,"2020-09-21T15:11:11Z"
"892",60.258875,25.088675,"2020-09-21T15:11:13Z"
"893",60.258785,25.0887,"2020-09-21T15:11:15Z"
"894",60.258715,25.088785,"2020-09-21T15:11:17Z"
"895",60.258662,25.088937,"2020-09-21T15:11:20Z"
"896",60.258575,25.088955,"2020-09-21T15:11:23Z"
"897",60.25851,25.088895,"2020-09-21T15:11:27Z"
"898",60.258427,25.08879,"2020-09-21T15:11:31Z"
"899",60.258357,25.088705,"2020-09-21T15:11:35Z"
"900",60.25828,25.0886,"2020-09-21T15:11:37Z"
"901",60.258218,25.08849,"2020-09-21T15:11:41Z"
"902",60.25816,25.088397,"2020-09-21T15:11:45Z"
"903",60.258072,25.088377,"2020-09-21T15:11:50Z"
"904",60.257983,25.08839,"2020-09-21T15:11:54Z"
"905",60.257895,25.088345,"2020-09-21T15:11:58Z"
"906",60.257805,25.088337,"2020-09-21T15:12:02Z"
"907",60.257725,25.08837,"2020-09-21T15:12:06Z"
"908",60.257647,25.088365,"2020-09-21T15:12:09Z"
"909",60.257565,25.088307,"2020-09-21T15:12:13Z"
"910",60.2575,25.08824,"2020-09-21T15:12:17Z"
"911",60.257485,25.088085,"2020-09-21T15:12:20Z"
"912",60.2575,25.087937,"2020-09-21T15:12:22Z"
"913",60.257517,25.087742,"2020-09-21T15:12:25Z"
"914",60.257532,25.08757,"2020-09-21T15:12:29Z"
"915",60.257545,25.08742,"2020-09-21T15:12:32Z"
"916",60.25758,25.087255,"2020-09-21T15:12:36Z"
"917",60.2576,25.087105,"2020-09-21T15:12:38Z"
"918",60.257625,25.086875,"2020-09-21T15:12:41Z"
"919",60.25765,25.08672,"2020-09-21T15:12:43Z"
"920",60.257677,25.08658,"2020-09-21T15:12:45Z"
"921",60.257705,25.08638,"2020-09-21T15:12:47Z"
"922",60.257735,25.08615,"2020-09-21T15:12:49Z"
"923",60.257725,25.085987,"2020-09-21T15:12:51Z"
"924",60.257697,25.085812,"2020-09-21T15:12:55Z"
"925",60.257737,25.085665,"2020-09-21T15:12:59Z"
"926",60.257747,25.085495,"2020-09-21T15:13:01Z"
"927",60.257765,25.0853,"2020-09-21T15:13:06Z"
"928",60.257785,25.085157,"2020-09-21T15:13:09Z"
"929",60.2578,25.084997,"2020-09-21T15:13:12Z"
"930",60.25782,25.084787,"2020-09-21T15:13:15Z"
"931",60.257842,25.08464,"2020-09-21T15:13:17Z"
"932",60.257855,25.084485,"2020-09-21T15:13:19Z"
"933",60.25788,25.084325,"2020-09-21T15:13:21Z"
"934",60.257908,25.08417,"2020-09-21T15:13:23Z"
"935",60.25791,25.08397,"2020-09-21T15:13:26Z"
"936",60.257925,25.083765,"2020-09-21T15:13:29Z"
"937",60.25797,25.083645,"2020-09-21T15:13:31Z"
"938",60.258025,25.083532,"2020-09-21T15:13:33Z"
"939",60.25803,25.083355,"2020-09-21T15:13:36Z"
"940",60.257955,25.08327,"2020-09-21T15:13:38Z"
"941",60.25787,25.083222,"2020-09-21T15:13:41Z"
"942",60.2578,25.08317,"2020-09-21T15:13:42Z"
"943",60.25771,25.0831,"2020-09-21T15:13:45Z"
"944",60.25763,25.083025,"2020-09-21T15:13:48Z"
"945",60.25754,25.082945,"2020-09-21T15:13:51Z"
"946",60.257467,25.082887,"2020-09-21T15:13:55Z"
"947",60.25739,25.08282,"2020-09-21T15:13:59Z"
"948",60.2573,25.08274,"2020-09-21T15:14:01Z"
"949",60.2572,25.08267,"2020-09-21T15:14:05Z"
"950",60.257115,25.082605,"2020-09-21T15:14:06Z"
"951",60.25703,25.082547,"2020-09-21T15:14:08Z"
"952",60.256955,25.082482,"2020-09-21T15:14:11Z"
"953",60.256872,25.082432,"2020-09-21T15:14:12Z"
"954",60.2568,25.08239,"2020-09-21T15:14:14Z"
"955",60.256695,25.08233,"2020-09-21T15:14:17Z"
"956",60.256625,25.082285,"2020-09-21T15:14:19Z"
"957",60.256535,25.082235,"2020-09-21T15:14:21Z"
"958",60.256445,25.08218,"2020-09-21T15:14:23Z"
"959",60.25635,25.08214,"2020-09-21T15:14:25Z"
"960",60.25626,25.0821,"2020-09-21T15:14:27Z"
"961",60.256182,25.082065,"2020-09-21T15:14:29Z"
"962",60.256102,25.082013,"2020-09-21T15:14:31Z"
"963",60.256027,25.081975,"2020-09-21T15:14:33Z"
"964",60.255955,25.08192,"2020-09-21T15:14:35Z"
"965",60.25587,25.081875,"2020-09-21T15:14:37Z"
"966",60.255795,25.081823,"2020-09-21T15:14:39Z"
"967",60.25571,25.081765,"2020-09-21T15:14:41Z"
"968",60.255632,25.08171,"2020-09-21T15:14:43Z"
"969",60.255557,25.081655,"2020-09-21T15:14:45Z"
"970",60.255465,25.081575,"2020-09-21T15:14:47Z"
"971",60.25538,25.081512,"2020-09-21T15:14:49Z"
"972",60.255297,25.08146,"2020-09-21T15:14:51Z"
"973",60.25521,25.081397,"2020-09-21T15:14:53Z"
"974",60.255135,25.08133,"2020-09-21T15:14:55Z"
"975",60.255065,25.08128,"2020-09-21T15:14:57Z"
"976",60.254995,25.081217,"2020-09-21T15:14:59Z"
"977",60.254905,25.081135,"2020-09-21T15:15:02Z"
"978",60.254802,25.081045,"2020-09-21T15:15:05Z"
"979",60.254715,25.08098,"2020-09-21T15:15:06Z"
"980",60.254657,25.080865,"2020-09-21T15:15:08Z"
"981",60.254585,25.080782,"2020-09-21T15:15:11Z"
"982",60.25452,25.0807,"2020-09-21T15:15:12Z"
"983",60.25446,25.08061,"2020-09-21T15:15:14Z"
"984",60.254385,25.08049,"2020-09-21T15:15:17Z"
"985",60.254312,25.0804,"2020-09-21T15:15:21Z"
"986",60.254262,25.080317,"2020-09-21T15:15:29Z"
"987",60.254245,25.08015,"2020-09-21T15:15:32Z"
"988",60.25429,25.079995,"2020-09-21T15:15:35Z"
"989",60.254335,25.07985,"2020-09-21T15:15:38Z"
"990",60.254307,25.079715,"2020-09-21T15:15:41Z"
"991",60.25425,25.07954,"2020-09-21T15:15:42Z"
"992",60.254225,25.079395,"2020-09-21T15:15:44Z"
"993",60.254177,25.07922,"2020-09-21T15:15:47Z"
"994",60.254085,25.079127,"2020-09-21T15:15:50Z"
"995",60.254065,25.078947,"2020-09-21T15:15:53Z"
"996",60.25405,25.078745,"2020-09-21T15:15:54Z"
"997",60.25403,25.078492,"2020-09-21T15:15:56Z"
"998",60.254007,25.07824,"2020-09-21T15:15:59Z"
"999",60.253995,25.077993,"2020-09-21T15:16:00Z"
"1000",60.25398,25.077797,"2020-09-21T15:16:02Z"
"1001",60.25396,25.077625,"2020-09-21T15:16:04Z"
"1002",60.25395,25.077457,"2020-09-21T15:16:06Z"
"1003",60.253937,25.077282,"2020-09-21T15:16:08Z"
"1004",60.253925,25.077095,"2020-09-21T15:16:11Z"
"1005",60.25391,25.07691,"2020-09-21T15:16:12Z"
"1006",60.253895,25.07673,"2020-09-21T15:16:14Z"
"1007",60.253885,25.07654,"2020-09-21T15:16:17Z"
"1008",60.25387,25.076332,"2020-09-21T15:16:18Z"
"1009",60.25385,25.076155,"2020-09-21T15:16:20Z"
"1010",60.253842,25.075965,"2020-09-21T15:16:23Z"
"1011",60.25383,25.075795,"2020-09-21T15:16:24Z"
"1012",60.253818,25.075625,"2020-09-21T15:16:26Z"
"1013",60.253805,25.075455,"2020-09-21T15:16:29Z"
"1014",60.253797,25.075305,"2020-09-21T15:16:30Z"
"1015",60.25379,25.075157,"2020-09-21T15:16:32Z"
"1016",60.25378,25.07499,"2020-09-21T15:16:35Z"
"1017",60.25377,25.074825,"2020-09-21T15:16:36Z"
"1018",60.25376,25.074645,"2020-09-21T15:16:38Z"
"1019",60.253757,25.074478,"2020-09-21T15:16:41Z"
"1020",60.253752,25.074312,"2020-09-21T15:16:42Z"
"1021",60.253748,25.07413,"2020-09-21T15:16:44Z"
"1022",60.25376,25.07395,"2020-09-21T15:16:47Z"
"1023",60.253765,25.073775,"2020-09-21T15:16:48Z"
"1024",60.25377,25.073595,"2020-09-21T15:16:50Z"
"1025",60.253775,25.0734,"2020-09-21T15:16:52Z"
"1026",60.253777,25.07321,"2020-09-21T15:16:54Z"
"1027",60.25377,25.073035,"2020-09-21T15:16:56Z"
"1028",60.253745,25.072887,"2020-09-21T15:16:58Z"
"1029",60.25372,25.07274,"2020-09-21T15:17:00Z"
"1030",60.25372,25.072575,"2020-09-21T15:17:02Z"
"1031",60.25374,25.072387,"2020-09-21T15:17:04Z"
"1032",60.253755,25.072212,"2020-09-21T15:17:06Z"
"1033",60.25377,25.072042,"2020-09-21T15:17:08Z"
"1034",60.253785,25.07187,"2020-09-21T15:17:11Z"
"1035",60.253807,25.071702,"2020-09-21T15:17:12Z"
"1036",60.253825,25.07153,"2020-09-21T15:17:14Z"
"1037",60.25384,25.071367,"2020-09-21T15:17:17Z"
"1038",60.253845,25.07121,"2020-09-21T15:17:18Z"
"1039",60.253815,25.071063,"2020-09-21T15:17:20Z"
"1040",60.25374,25.07095,"2020-09-21T15:17:23Z"
"1041",60.253662,25.070798,"2020-09-21T15:17:24Z"
"1042",60.25359,25.07065,"2020-09-21T15:17:26Z"
"1043",60.253522,25.070537,"2020-09-21T15:17:29Z"
"1044",60.253452,25.070432,"2020-09-21T15:17:30Z"
"1045",60.253377,25.070312,"2020-09-21T15:17:32Z"
"1046",60.253298,25.070192,"2020-09-21T15:17:34Z"
"1047",60.253232,25.07008,"2020-09-21T15:17:36Z"
"1048",60.253162,25.069987,"2020-09-21T15:17:38Z"
"1049",60.2531,25.0699,"2020-09-21T15:17:40Z"
"1050",60.253042,25.0698,"2020-09-21T15:17:43Z"
"1051",60.252982,25.069712,"2020-09-21T15:17:44Z"
"1052",60.252922,25.069612,"2020-09-21T15:17:46Z"
"1053",60.252847,25.069495,"2020-09-21T15:17:49Z"
"1054",60.252775,25.06938,"2020-09-21T15:17:50Z"
"1055",60.25271,25.069282,"2020-09-21T15:17:52Z"
"1056",60.25264,25.069227,"2020-09-21T15:17:55Z"
"1057",60.25256,25.0692,"2020-09-21T15:17:56Z"
"1058",60.252485,25.06918,"2020-09-21T15:17:58Z"
"1059",60.25241,25.069165,"2020-09-21T15:18:00Z"
"1060",60.252307,25.069175,"2020-09-21T15:18:03Z"
"1061",60.252228,25.06923,"2020-09-21T15:18:06Z"
"1062",60.25216,25.06929,"2020-09-21T15:18:07Z"
"1063",60.252088,25.06932,"2020-09-21T15:18:09Z"
"1064",60.252012,25.069327,"2020-09-21T15:18:12Z"
"1065",60.251928,25.069327,"2020-09-21T15:18:13Z"
"1066",60.251832,25.069332,"2020-09-21T15:18:15Z"
"1067",60.251725,25.069352,"2020-09-21T15:18:18Z"
"1068",60.25164,25.069455,"2020-09-21T15:18:19Z"
"1069",60.251623,25.069622,"2020-09-21T15:18:21Z"
"1070",60.251645,25.069835,"2020-09-21T15:18:24Z"
"1071",60.251645,25.070065,"2020-09-21T15:18:25Z"
"1072",60.251635,25.070255,"2020-09-21T15:18:27Z"
"1073",60.251635,25.07043,"2020-09-21T15:18:30Z"
"1074",60.251638,25.07058,"2020-09-21T15:18:31Z"
"1075",60.251635,25.07075,"2020-09-21T15:18:33Z"
"1076",60.251635,25.070907,"2020-09-21T15:18:36Z"
"1077",60.251602,25.07109,"2020-09-21T15:18:38Z"
"1078",60.251547,25.07126,"2020-09-21T15:18:42Z"
"1079",60.251505,25.07138,"2020-09-21T15:18:43Z"
"1080",60.251455,25.07155,"2020-09-21T15:18:46Z"
"1081",60.251405,25.071703,"2020-09-21T15:18:49Z"
"1082",60.25134,25.071832,"2020-09-21T15:18:52Z"
"1083",60.251255,25.0719,"2020-09-21T15:18:55Z"
"1084",60.25116,25.071935,"2020-09-21T15:18:58Z"
"1085",60.251065,25.07198,"2020-09-21T15:19:01Z"
"1086",60.250975,25.07207,"2020-09-21T15:19:04Z"
"1087",60.250885,25.072163,"2020-09-21T15:19:07Z"
"1088",60.250817,25.072217,"2020-09-21T15:19:09Z"
"1089",60.250745,25.07226,"2020-09-21T15:19:12Z"
"1090",60.25068,25.07233,"2020-09-21T15:19:14Z"
"1091",60.250645,25.072475,"2020-09-21T15:19:18Z"
"1092",60.25068,25.072695,"2020-09-21T15:19:19Z"
"1093",60.250722,25.072878,"2020-09-21T15:19:21Z"
"1094",60.25078,25.07304,"2020-09-21T15:19:24Z"
"1095",60.25085,25.073182,"2020-09-21T15:19:25Z"
"1096",60.250925,25.073322,"2020-09-21T15:19:27Z"
"1097",60.250985,25.07344,"2020-09-21T15:19:30Z"
"1098",60.251045,25.073555,"2020-09-21T15:19:31Z"
"1099",60.251087,25.073715,"2020-09-21T15:19:33Z"
"1100",60.251142,25.07387,"2020-09-21T15:19:36Z"
"1101",60.251187,25.074005,"2020-09-21T15:19:37Z"
"1102",60.251222,25.074162,"2020-09-21T15:19:39Z"
"1103",60.251243,25.07433,"2020-09-21T15:19:42Z"
"1104",60.25127,25.074525,"2020-09-21T15:19:44Z"
"1105",60.25129,25.074685,"2020-09-21T15:19:48Z"
"1106",60.251295,25.074772,"2020-09-21T15:19:54Z"
"1107",60.251295,25.074765,"2020-09-21T15:19:56Z"
"1108",60.251332,25.07492,"2020-09-21T15:20:27Z"
"1109",60.25139,25.07507,"2020-09-21T15:20:30Z"
"1110",60.25146,25.075192,"2020-09-21T15:20:33Z"
"1111",60.251535,25.075292,"2020-09-21T15:20:36Z"
"1112",60.251622,25.07541,"2020-09-21T15:20:37Z"
"1113",60.25168,25.075565,"2020-09-21T15:20:39Z"
"1114",60.251715,25.07572,"2020-09-21T15:20:42Z"
"1115",60.25173,25.075877,"2020-09-21T15:20:43Z"
"1116",60.25176,25.07602,"2020-09-21T15:20:46Z"
"1117",60.251795,25.076172,"2020-09-21T15:20:50Z"
"1118",60.251772,25.076357,"2020-09-21T15:20:54Z"
"1119",60.251717,25.07649,"2020-09-21T15:20:57Z"
"1120",60.25167,25.076602,"2020-09-21T15:21:00Z"
"1121",60.25162,25.076742,"2020-09-21T15:21:04Z"
"1122",60.251562,25.076897,"2020-09-21T15:21:08Z"
"1123",60.25151,25.077002,"2020-09-21T15:21:11Z"
"1124",60.251427,25.077055,"2020-09-21T15:21:14Z"
"1125",60.251365,25.077132,"2020-09-21T15:21:17Z"
"1126",60.25128,25.077195,"2020-09-21T15:21:21Z"
"1127",60.251207,25.077195,"2020-09-21T15:21:25Z"
"1128",60.251155,25.077135,"2020-09-21T15:21:32Z"
"1129",60.251155,25.077145,"2020-09-21T15:21:37Z"
"1130",60.251145,25.077157,"2020-09-21T15:21:53Z"
"1131",60.251145,25.077157,"2020-09-21T15:21:54Z"
"1132",60.25115,25.07715,"2020-09-21T15:22:39Z"
"1133",60.25115,25.07715,"2020-09-21T15:22:40Z"
"1134",60.251185,25.076995,"2020-09-21T15:23:04Z"
"1135",60.251205,25.076847,"2020-09-21T15:23:08Z"
"1136",60.251225,25.076705,"2020-09-21T15:23:11Z"
"1137",60.25127,25.076535,"2020-09-21T15:23:15Z"
"1138",60.25133,25.076362,"2020-09-21T15:23:18Z"
"1139",60.251355,25.076192,"2020-09-21T15:23:21Z"
"1140",60.251355,25.07601,"2020-09-21T15:23:24Z"
"1141",60.251327,25.075835,"2020-09-21T15:23:27Z"
"1142",60.25126,25.075723,"2020-09-21T15:23:33Z"
"1143",60.25118,25.075665,"2020-09-21T15:23:37Z"
"1144",60.25112,25.075568,"2020-09-21T15:23:40Z"
"1145",60.251057,25.075467,"2020-09-21T15:23:44Z"
"1146",60.250975,25.07544,"2020-09-21T15:23:48Z"
"1147",60.250897,25.075395,"2020-09-21T15:23:51Z"
"1148",60.25083,25.075335,"2020-09-21T15:23:54Z"
"1149",60.250775,25.075225,"2020-09-21T15:23:57Z"
"1150",60.250747,25.075048,"2020-09-21T15:24:00Z"
"1151",60.250685,25.074967,"2020-09-21T15:24:03Z"
"1152",60.250595,25.07484,"2020-09-21T15:24:06Z"
"1153",60.250532,25.074738,"2020-09-21T15:24:08Z"
"1154",60.250475,25.07461,"2020-09-21T15:24:12Z"
"1155",60.250405,25.074535,"2020-09-21T15:24:16Z"
"1156",60.2504,25.074355,"2020-09-21T15:24:22Z"
"1157",60.25037,25.0742,"2020-09-21T15:24:27Z"
"1158",60.250405,25.074012,"2020-09-21T15:24:33Z"
"1159",60.250432,25.07385,"2020-09-21T15:24:36Z"
"1160",60.250442,25.073675,"2020-09-21T15:24:37Z"
"1161",60.25045,25.07347,"2020-09-21T15:24:39Z"
"1162",60.250492,25.073287,"2020-09-21T15:24:42Z"
"1163",60.25054,25.0731,"2020-09-21T15:24:44Z"
"1164",60.250537,25.07293,"2020-09-21T15:24:48Z"
"1165",60.25052,25.07278,"2020-09-21T15:24:51Z"
"1166",60.250505,25.0728,"2020-09-21T15:24:58Z"
"1167",60.250535,25.07265,"2020-09-21T15:25:24Z"
"1168",60.250615,25.072515,"2020-09-21T15:25:25Z"
"1169",60.250665,25.072382,"2020-09-21T15:25:27Z"
"1170",60.250705,25.072237,"2020-09-21T15:25:30Z"
"1171",60.250725,25.072042,"2020-09-21T15:25:34Z"
"1172",60.250725,25.071892,"2020-09-21T15:25:37Z"
"1173",60.250715,25.071745,"2020-09-21T15:25:40Z"
"1174",60.25073,25.071575,"2020-09-21T15:25:45Z"
"1175",60.250775,25.07142,"2020-09-21T15:25:50Z"
"1176",60.250723,25.07134,"2020-09-21T15:25:57Z"
"1177",60.250677,25.071225,"2020-09-21T15:26:02Z"
"1178",60.250687,25.071058,"2020-09-21T15:26:06Z"
"1179",60.250745,25.07093,"2020-09-21T15:26:09Z"
"1180",60.250815,25.07098,"2020-09-21T15:26:14Z"
"1181",60.250845,25.07088,"2020-09-21T15:26:22Z"
"1182",60.250785,25.070728,"2020-09-21T15:26:24Z"
"1183",60.25077,25.07056,"2020-09-21T15:26:28Z"
"1184",60.250755,25.070395,"2020-09-21T15:26:29Z"
"1185",60.250765,25.070235,"2020-09-21T15:26:31Z"
"1186",60.250835,25.070165,"2020-09-21T15:26:34Z"
"1187",60.250932,25.070235,"2020-09-21T15:26:37Z"
"1188",60.251005,25.070165,"2020-09-21T15:26:40Z"
"1189",60.251055,25.07003,"2020-09-21T15:26:41Z"
"1190",60.251105,25.069847,"2020-09-21T15:26:44Z"
"1191",60.251145,25.069697,"2020-09-21T15:26:46Z"
"1192",60.25116,25.069555,"2020-09-21T15:26:49Z"
"1193",60.251115,25.069437,"2020-09-21T15:26:54Z"
"1194",60.25111,25.06943,"2020-09-21T15:27:01Z"
"1195",60.25112,25.069432,"2020-09-21T15:27:28Z"
"1196",60.25112,25.069432,"2020-09-21T15:27:29Z"
"1197",60.251087,25.06946,"2020-09-21T15:28:04Z"
"1198",60.25113,25.06958,"2020-09-21T15:28:10Z"
"1199",60.25116,25.069715,"2020-09-21T15:28:15Z"
"1200",60.251087,25.069757,"2020-09-21T15:28:18Z"
"1201",60.251008,25.06965,"2020-09-21T15:28:22Z"
"1202",60.250942,25.069537,"2020-09-21T15:28:26Z"
"1203",60.250925,25.069317,"2020-09-21T15:28:28Z"
"1204",60.250952,25.069155,"2020-09-21T15:28:30Z"
"1205",60.250995,25.06901,"2020-09-21T15:28:32Z"
"1206",60.25098,25.068827,"2020-09-21T15:28:34Z"
"1207",60.25097,25.068645,"2020-09-21T15:28:37Z"
"1208",60.251002,25.068505,"2020-09-21T15:28:39Z"
"1209",60.251055,25.068385,"2020-09-21T15:28:41Z"
"1210",60.251115,25.06824,"2020-09-21T15:28:45Z"
"1211",60.251165,25.068068,"2020-09-21T15:28:49Z"
"1212",60.251185,25.067878,"2020-09-21T15:28:51Z"
"1213",60.251212,25.06767,"2020-09-21T15:28:55Z"
"1214",60.251292,25.06757,"2020-09-21T15:28:57Z"
"1215",60.251355,25.067497,"2020-09-21T15:29:02Z"
"1216",60.251367,25.067392,"2020-09-21T15:29:09Z"
"1217",60.251335,25.067255,"2020-09-21T15:29:13Z"
"1218",60.2513,25.067105,"2020-09-21T15:29:17Z"
"1219",60.251275,25.06696,"2020-09-21T15:29:19Z"
"1220",60.251212,25.066857,"2020-09-21T15:29:21Z"
"1221",60.251127,25.06689,"2020-09-21T15:29:24Z"
"1222",60.25104,25.066995,"2020-09-21T15:29:26Z"
"1223",60.250965,25.06704,"2020-09-21T15:29:28Z"
"1224",60.25084,25.067062,"2020-09-21T15:29:30Z"
"1225",60.250717,25.06711,"2020-09-21T15:29:32Z"
"1226",60.2506,25.06715,"2020-09-21T15:29:35Z"
"1227",60.250535,25.067225,"2020-09-21T15:29:36Z"
"1228",60.2505,25.06737,"2020-09-21T15:29:38Z"
"1229",60.25039,25.06744,"2020-09-21T15:29:41Z"
"1230",60.25029,25.067498,"2020-09-21T15:29:43Z"
"1231",60.250195,25.067587,"2020-09-21T15:29:45Z"
"1232",60.250102,25.067715,"2020-09-21T15:29:47Z"
"1233",60.25002,25.06779,"2020-09-21T15:29:49Z"
"1234",60.249955,25.067842,"2020-09-21T15:29:51Z"
"1235",60.249865,25.06785,"2020-09-21T15:29:54Z"
"1236",60.249797,25.067728,"2020-09-21T15:29:59Z"
"1237",60.24972,25.067697,"2020-09-21T15:30:05Z"
"1238",60.249645,25.06779,"2020-09-21T15:30:07Z"
"1239",60.249578,25.067905,"2020-09-21T15:30:11Z"
"1240",60.249525,25.06801,"2020-09-21T15:30:13Z"
"1241",60.249427,25.06803,"2020-09-21T15:30:17Z"
"1242",60.249352,25.06798,"2020-09-21T15:30:18Z"
"1243",60.24927,25.067905,"2020-09-21T15:30:20Z"
"1244",60.249287,25.06772,"2020-09-21T15:30:23Z"
"1245",60.249305,25.06753,"2020-09-21T15:30:26Z"
"1246",60.249295,25.06737,"2020-09-21T15:30:28Z"
"1247",60.24925,25.067185,"2020-09-21T15:30:30Z"
"1248",60.24919,25.06707,"2020-09-21T15:30:32Z"
"1249",60.249105,25.06697,"2020-09-21T15:30:36Z"
"1250",60.24901,25.06696,"2020-09-21T15:30:39Z"
"1251",60.2489,25.066902,"2020-09-21T15:30:41Z"
"1252",60.248818,25.066905,"2020-09-21T15:30:43Z"
"1253",60.248738,25.06694,"2020-09-21T15:30:46Z"
"1254",60.24869,25.066757,"2020-09-21T15:30:48Z"
"1255",60.248632,25.066605,"2020-09-21T15:30:50Z"
"1256",60.24857,25.066455,"2020-09-21T15:30:52Z"
"1257",60.248528,25.066287,"2020-09-21T15:30:54Z"
"1258",60.248522,25.066097,"2020-09-21T15:30:58Z"
"1259",60.248507,25.065955,"2020-09-21T15:30:59Z"
"1260",60.24849,25.06578,"2020-09-21T15:31:01Z"
"1261",60.248485,25.065735,"2020-09-21T15:31:08Z"
"1262",60.248485,25.065735,"2020-09-21T15:31:09Z"
"1263",60.24846,25.06574,"2020-09-21T15:31:34Z"
"1264",60.248462,25.065735,"2020-09-21T15:31:35Z"
"1265",60.248405,25.065645,"2020-09-21T15:31:51Z"
"1266",60.248335,25.06559,"2020-09-21T15:31:53Z"
"1267",60.248252,25.065493,"2020-09-21T15:31:56Z"
"1268",60.24819,25.065315,"2020-09-21T15:31:59Z"
"1269",60.248175,25.065165,"2020-09-21T15:32:01Z"
"1270",60.24816,25.06502,"2020-09-21T15:32:03Z"
"1271",60.24817,25.064787,"2020-09-21T15:32:05Z"
"1272",60.248205,25.064615,"2020-09-21T15:32:07Z"
"1273",60.24825,25.064455,"2020-09-21T15:32:10Z"
"1274",60.24824,25.064305,"2020-09-21T15:32:11Z"
"1275",60.248213,25.064127,"2020-09-21T15:32:13Z"
"1276",60.248152,25.064027,"2020-09-21T15:32:15Z"
"1277",60.248077,25.064012,"2020-09-21T15:32:16Z"
"1278",60.247975,25.064023,"2020-09-21T15:32:19Z"
"1279",60.24789,25.064022,"2020-09-21T15:32:20Z"
"1280",60.247792,25.064022,"2020-09-21T15:32:22Z"
"1281",60.247705,25.06405,"2020-09-21T15:32:25Z"
"1282",60.24763,25.06408,"2020-09-21T15:32:28Z"
"1283",60.247555,25.064105,"2020-09-21T15:32:30Z"
"1284",60.24747,25.06411,"2020-09-21T15:32:33Z"
"1285",60.24736,25.064093,"2020-09-21T15:32:36Z"
"1286",60.247255,25.064065,"2020-09-21T15:32:39Z"
"1287",60.247148,25.064065,"2020-09-21T15:32:42Z"
"1288",60.24707,25.064052,"2020-09-21T15:32:44Z"
"1289",60.247,25.064,"2020-09-21T15:32:47Z"
"1290",60.24693,25.063962,"2020-09-21T15:32:48Z"
"1291",60.246805,25.063915,"2020-09-21T15:32:50Z"
"1292",60.246697,25.06383,"2020-09-21T15:32:53Z"
"1293",60.246575,25.06373,"2020-09-21T15:32:54Z"
"1294",60.246505,25.063685,"2020-09-21T15:32:56Z"
"1295",60.246435,25.063635,"2020-09-21T15:32:59Z"
"1296",60.24636,25.06359,"2020-09-21T15:33:01Z"
"1297",60.24626,25.06348,"2020-09-21T15:33:05Z"
"1298",60.246167,25.063437,"2020-09-21T15:33:06Z"
"1299",60.24606,25.0634,"2020-09-21T15:33:08Z"
"1300",60.245952,25.063375,"2020-09-21T15:33:11Z"
"1301",60.245867,25.063355,"2020-09-21T15:33:12Z"
"1302",60.245772,25.06335,"2020-09-21T15:33:15Z"
"1303",60.245695,25.06334,"2020-09-21T15:33:17Z"
"1304",60.24562,25.063333,"2020-09-21T15:33:19Z"
"1305",60.245515,25.063317,"2020-09-21T15:33:23Z"
"1306",60.245427,25.06329,"2020-09-21T15:33:25Z"
"1307",60.245355,25.063265,"2020-09-21T15:33:28Z"
"1308",60.245275,25.063235,"2020-09-21T15:33:31Z"
"1309",60.245205,25.063205,"2020-09-21T15:33:33Z"
"1310",60.245125,25.06313,"2020-09-21T15:33:35Z"
"1311",60.24507,25.06296,"2020-09-21T15:33:37Z"
"1312",60.24503,25.062785,"2020-09-21T15:33:40Z"
"1313",60.244952,25.062722,"2020-09-21T15:33:46Z"
"1314",60.24487,25.062785,"2020-09-21T15:33:50Z"
"1315",60.244797,25.06288,"2020-09-21T15:33:54Z"
"1316",60.244715,25.06291,"2020-09-21T15:33:58Z"
"1317",60.244635,25.062947,"2020-09-21T15:34:02Z"
"1318",60.244562,25.063002,"2020-09-21T15:34:06Z"
"1319",60.244502,25.063095,"2020-09-21T15:34:10Z"
"1320",60.24443,25.063175,"2020-09-21T15:34:15Z"
"1321",60.244363,25.063247,"2020-09-21T15:34:17Z"
"1322",60.244278,25.063347,"2020-09-21T15:34:21Z"
"1323",60.244202,25.063475,"2020-09-21T15:34:23Z"
"1324",60.24415,25.06362,"2020-09-21T15:34:26Z"
"1325",60.244105,25.063747,"2020-09-21T15:34:30Z"
"1326",60.24407,25.0639,"2020-09-21T15:34:34Z"
"1327",60.24403,25.064025,"2020-09-21T15:34:37Z"
"1328",60.243962,25.06419,"2020-09-21T15:34:40Z"
"1329",60.243905,25.06433,"2020-09-21T15:34:43Z"
"1330",60.243857,25.06448,"2020-09-21T15:34:46Z"
"1331",60.243813,25.06462,"2020-09-21T15:34:51Z"
"1332",60.24378,25.06476,"2020-09-21T15:34:55Z"
"1333",60.243735,25.06488,"2020-09-21T15:34:58Z"
"1334",60.243697,25.065007,"2020-09-21T15:35:00Z"
"1335",60.243625,25.06517,"2020-09-21T15:35:03Z"
"1336",60.243585,25.065295,"2020-09-21T15:35:06Z"
"1337",60.243545,25.065425,"2020-09-21T15:35:09Z"
"1338",60.2435,25.065587,"2020-09-21T15:35:13Z"
"1339",60.24346,25.065732,"2020-09-21T15:35:16Z"
"1340",60.2434,25.065867,"2020-09-21T15:35:19Z"
"1341",60.24335,25.06597,"2020-09-21T15:35:22Z"
"1342",60.243317,25.066115,"2020-09-21T15:35:26Z"
"1343",60.243275,25.066285,"2020-09-21T15:35:30Z"
"1344",60.243225,25.066415,"2020-09-21T15:35:33Z"
"1345",60.243175,25.066522,"2020-09-21T15:35:36Z"
"1346",60.24313,25.06665,"2020-09-21T15:35:39Z"
"1347",60.24309,25.066777,"2020-09-21T15:35:42Z"
"1348",60.243067,25.066917,"2020-09-21T15:35:46Z"
"1349",60.243045,25.067065,"2020-09-21T15:35:50Z"
"1350",60.24301,25.067195,"2020-09-21T15:35:53Z"
"1351",60.242975,25.06736,"2020-09-21T15:35:57Z"
"1352",60.24294,25.067492,"2020-09-21T15:36:00Z"
"1353",60.24289,25.06764,"2020-09-21T15:36:03Z"
"1354",60.242835,25.067785,"2020-09-21T15:36:06Z"
"1355",60.24277,25.067947,"2020-09-21T15:36:09Z"
"1356",60.242735,25.068085,"2020-09-21T15:36:12Z"
"1357",60.242697,25.068257,"2020-09-21T15:36:16Z"
"1358",60.24265,25.068412,"2020-09-21T15:36:20Z"
"1359",60.242595,25.068545,"2020-09-21T15:36:23Z"
"1360",60.24255,25.06867,"2020-09-21T15:36:26Z"
"1361",60.24254,25.068872,"2020-09-21T15:36:30Z"
"1362",60.242532,25.069025,"2020-09-21T15:36:34Z"
"1363",60.242555,25.069065,"2020-09-21T15:36:41Z"
"1364",60.242547,25.06907,"2020-09-21T15:36:43Z"
"1365",60.24254,25.069085,"2020-09-21T15:36:54Z"
"1366",60.24254,25.069085,"2020-09-21T15:36:55Z"
"1367",60.242522,25.0691,"2020-09-21T15:37:45Z"
"1368",60.242527,25.069087,"2020-09-21T15:37:46Z"
"1369",60.242618,25.069105,"2020-09-21T15:37:52Z"
"1370",60.242692,25.06917,"2020-09-21T15:37:55Z"
"1371",60.242755,25.069257,"2020-09-21T15:37:58Z"
"1372",60.242835,25.069352,"2020-09-21T15:38:01Z"
"1373",60.242945,25.069467,"2020-09-21T15:38:04Z"
"1374",60.243053,25.069545,"2020-09-21T15:38:06Z"
"1375",60.24318,25.069655,"2020-09-21T15:38:08Z"
"1376",60.243287,25.069767,"2020-09-21T15:38:10Z"
"1377",60.2434,25.06986,"2020-09-21T15:38:12Z"
"1378",60.243482,25.07001,"2020-09-21T15:38:14Z"
"1379",60.24357,25.07016,"2020-09-21T15:38:16Z"
"1380",60.243655,25.07029,"2020-09-21T15:38:18Z"
"1381",60.24373,25.07037,"2020-09-21T15:38:20Z"
"1382",60.2438,25.070425,"2020-09-21T15:38:22Z"
"1383",60.24389,25.07039,"2020-09-21T15:38:25Z"
"1384",60.24393,25.07027,"2020-09-21T15:38:28Z"
"1385",60.24396,25.070127,"2020-09-21T15:38:32Z"
"1386",60.24403,25.070135,"2020-09-21T15:38:36Z"
"1387",60.24409,25.07025,"2020-09-21T15:38:43Z"
"1388",60.244152,25.070165,"2020-09-21T15:38:47Z"
"1389",60.244225,25.070105,"2020-09-21T15:38:50Z"
"1390",60.244305,25.070037,"2020-09-21T15:38:54Z"
"1391",60.24439,25.07001,"2020-09-21T15:38:58Z"
"1392",60.24449,25.07002,"2020-09-21T15:39:00Z"
"1393",60.244565,25.07,"2020-09-21T15:39:02Z"
"1394",60.244647,25.07,"2020-09-21T15:39:06Z"
"1395",60.24472,25.069995,"2020-09-21T15:39:10Z"
"1396",60.244795,25.069995,"2020-09-21T15:39:14Z"
"1397",60.24487,25.06997,"2020-09-21T15:39:18Z"
"1398",60.24495,25.069957,"2020-09-21T15:39:22Z"
"1399",60.245015,25.070035,"2020-09-21T15:39:25Z"
"1400",60.24508,25.070123,"2020-09-21T15:39:28Z"
"1401",60.24516,25.07019,"2020-09-21T15:39:31Z"
"1402",60.245255,25.070242,"2020-09-21T15:39:34Z"
"1403",60.24535,25.070228,"2020-09-21T15:39:37Z"
"1404",60.245415,25.070372,"2020-09-21T15:39:40Z"
"1405",60.245482,25.070475,"2020-09-21T15:39:44Z"
"1406",60.245547,25.070545,"2020-09-21T15:39:50Z"
"1407",60.2456,25.07066,"2020-09-21T15:39:55Z"
"1408",60.24568,25.07065,"2020-09-21T15:39:59Z"
"1409",60.24572,25.07077,"2020-09-21T15:40:04Z"
"1410",60.2457,25.070787,"2020-09-21T15:40:11Z"
"1411",60.2457,25.07078,"2020-09-21T15:40:18Z"
"1412",60.245645,25.07078,"2020-09-21T15:40:35Z"
"1413",60.245655,25.070775,"2020-09-21T15:40:38Z"
"1414",60.24567,25.070812,"2020-09-21T15:40:47Z"
"1415",60.24567,25.070817,"2020-09-21T15:40:48Z"
"1416",60.245735,25.070895,"2020-09-21T15:40:52Z"
"1417",60.24571,25.071023,"2020-09-21T15:40:59Z"
"1418",60.245725,25.071162,"2020-09-21T15:41:06Z"
"1419",60.245725,25.071175,"2020-09-21T15:41:11Z"
"1420",60.245712,25.071178,"2020-09-21T15:41:57Z"
"1421",60.245712,25.071185,"2020-09-21T15:41:59Z"
"1422",60.24573,25.071205,"2020-09-21T15:42:08Z"
"1423",60.24573,25.07121,"2020-09-21T15:42:09Z"
"1424",60.24574,25.07119,"2020-09-21T15:42:33Z"
"1425",60.24574,25.07119,"2020-09-21T15:42:34Z"
"1426",60.24576,25.07122,"2020-09-21T15:42:47Z"
"1427",60.24576,25.071222,"2020-09-21T15:42:48Z"
"1428",60.245775,25.071253,"2020-09-21T15:42:58Z"
"1429",60.245775,25.071253,"2020-09-21T15:42:59Z"
"1430",60.245765,25.071242,"2020-09-21T15:43:30Z"
"1431",60.245765,25.07124,"2020-09-21T15:43:31Z"
"1432",60.245777,25.071213,"2020-09-21T15:43:46Z"
"1433",60.24578,25.071217,"2020-09-21T15:43:48Z"
"1434",60.245793,25.071255,"2020-09-21T15:46:06Z"
"1435",60.245795,25.071255,"2020-09-21T15:46:07Z"
"1436",60.245765,25.071253,"2020-09-21T15:46:17Z"
"1437",60.245765,25.071248,"2020-09-21T15:46:18Z"
"1438",60.245755,25.071235,"2020-09-21T15:46:31Z"
"1439",60.245755,25.071235,"2020-09-21T15:46:32Z"
"1440",60.245765,25.07123,"2020-09-21T15:46:43Z"
"1441",60.245765,25.07123,"2020-09-21T15:46:44Z"
"1442",60.245772,25.071235,"2020-09-21T15:46:58Z"
"1443",60.24577,25.071235,"2020-09-21T15:46:58Z"
"1444",60.245745,25.07124,"2020-09-21T15:47:06Z"
"1445",60.245745,25.07124,"2020-09-21T15:47:07Z"
"1446",60.245755,25.071315,"2020-09-21T15:48:23Z"
"1447",60.24578,25.071332,"2020-09-21T15:48:30Z"
"1448",60.245782,25.071325,"2020-09-21T15:48:32Z"
"1449",60.245777,25.07127,"2020-09-21T15:48:39Z"
"1450",60.245705,25.071295,"2020-09-21T15:48:46Z"
"1451",60.245675,25.071337,"2020-09-21T15:48:53Z"
"1452",60.245732,25.071247,"2020-09-21T15:49:00Z"
"1453",60.245695,25.071175,"2020-09-21T15:49:07Z"
"1454",60.24574,25.07128,"2020-09-21T15:49:14Z"
"1455",60.245805,25.07122,"2020-09-21T15:49:19Z"
"1456",60.245855,25.07111,"2020-09-21T15:49:21Z"
"1457",60.245932,25.071075,"2020-09-21T15:49:25Z"
"1458",60.24602,25.07107,"2020-09-21T15:49:27Z"
"1459",60.246102,25.07108,"2020-09-21T15:49:31Z"
"1460",60.246175,25.07116,"2020-09-21T15:49:33Z"
"1461",60.246255,25.071265,"2020-09-21T15:49:37Z"
"1462",60.246325,25.071385,"2020-09-21T15:49:39Z"
"1463",60.246415,25.071505,"2020-09-21T15:49:41Z"
"1464",60.246507,25.071597,"2020-09-21T15:49:43Z"
"1465",60.24657,25.071687,"2020-09-21T15:49:45Z"
"1466",60.246645,25.071802,"2020-09-21T15:49:49Z"
"1467",60.246705,25.071905,"2020-09-21T15:49:51Z"
"1468",60.246762,25.072007,"2020-09-21T15:49:56Z"
"1469",60.24678,25.07222,"2020-09-21T15:50:01Z"
"1470",60.246765,25.072388,"2020-09-21T15:50:04Z"
"1471",60.246712,25.072535,"2020-09-21T15:50:07Z"
"1472",60.246652,25.072637,"2020-09-21T15:50:10Z"
"1473",60.246595,25.072755,"2020-09-21T15:50:13Z"
"1474",60.246535,25.07286,"2020-09-21T15:50:16Z"
"1475",60.24648,25.072997,"2020-09-21T15:50:23Z"
"1476",60.24648,25.073182,"2020-09-21T15:50:27Z"
"1477",60.246515,25.073337,"2020-09-21T15:50:31Z"
"1478",60.24657,25.07348,"2020-09-21T15:50:35Z"
"1479",60.24659,25.073632,"2020-09-21T15:50:38Z"
"1480",60.24665,25.07374,"2020-09-21T15:50:43Z"
"1481",60.246697,25.073815,"2020-09-21T15:50:49Z"
"1482",60.24676,25.073747,"2020-09-21T15:50:55Z"
"1483",60.246775,25.07359,"2020-09-21T15:51:01Z"
"1484",60.246768,25.073492,"2020-09-21T15:51:08Z"
"1485",60.24674,25.073327,"2020-09-21T15:51:13Z"
"1486",60.24671,25.073187,"2020-09-21T15:51:17Z"
"1487",60.246685,25.073028,"2020-09-21T15:51:20Z"
"1488",60.24661,25.072905,"2020-09-21T15:51:23Z"
"1489",60.246547,25.072795,"2020-09-21T15:51:27Z"
"1490",60.246622,25.072672,"2020-09-21T15:51:31Z"
"1491",60.24671,25.07255,"2020-09-21T15:51:33Z"
"1492",60.246783,25.072375,"2020-09-21T15:51:35Z"
"1493",60.246852,25.07221,"2020-09-21T15:51:37Z"
"1494",60.246905,25.072097,"2020-09-21T15:51:39Z"
"1495",60.246975,25.072032,"2020-09-21T15:51:42Z"
"1496",60.247055,25.071997,"2020-09-21T15:51:47Z"
"1497",60.24711,25.071855,"2020-09-21T15:51:51Z"
"1498",60.247158,25.071735,"2020-09-21T15:51:53Z"
"1499",60.24721,25.071627,"2020-09-21T15:51:55Z"
"1500",60.247295,25.071485,"2020-09-21T15:51:59Z"
"1501",60.247345,25.071382,"2020-09-21T15:52:00Z"
"1502",60.2474,25.071235,"2020-09-21T15:52:03Z"
"1503",60.24748,25.07109,"2020-09-21T15:52:06Z"
"1504",60.24755,25.07096,"2020-09-21T15:52:09Z"
"1505",60.247597,25.070847,"2020-09-21T15:52:11Z"
"1506",60.24767,25.070732,"2020-09-21T15:52:14Z"
"1507",60.247752,25.07068,"2020-09-21T15:52:17Z"
"1508",60.247847,25.07065,"2020-09-21T15:52:20Z"
"1509",60.247932,25.070642,"2020-09-21T15:52:23Z"
"1510",60.248,25.07048,"2020-09-21T15:52:27Z"
"1511",60.24806,25.07039,"2020-09-21T15:52:28Z"
"1512",60.24813,25.070285,"2020-09-21T15:52:30Z"
"1513",60.248175,25.070065,"2020-09-21T15:52:33Z"
"1514",60.248205,25.069855,"2020-09-21T15:52:35Z"
"1515",60.248265,25.069717,"2020-09-21T15:52:37Z"
"1516",60.248315,25.0696,"2020-09-21T15:52:39Z"
"1517",60.248367,25.069475,"2020-09-21T15:52:42Z"
"1518",60.248402,25.06934,"2020-09-21T15:52:46Z"
"1519",60.248407,25.069162,"2020-09-21T15:52:51Z"
"1520",60.248368,25.068975,"2020-09-21T15:52:54Z"
"1521",60.248355,25.068815,"2020-09-21T15:52:57Z"
"1522",60.248358,25.068638,"2020-09-21T15:53:03Z"
"1523",60.248357,25.068465,"2020-09-21T15:53:05Z"
"1524",60.248315,25.068255,"2020-09-21T15:53:07Z"
"1525",60.248257,25.068142,"2020-09-21T15:53:09Z"
"1526",60.248255,25.067957,"2020-09-21T15:53:13Z"
"1527",60.248295,25.067825,"2020-09-21T15:53:16Z"
"1528",60.248335,25.067705,"2020-09-21T15:53:19Z"
"1529",60.248385,25.067573,"2020-09-21T15:53:21Z"
"1530",60.248458,25.06742,"2020-09-21T15:53:24Z"
"1531",60.248527,25.067317,"2020-09-21T15:53:27Z"
"1532",60.24861,25.06722,"2020-09-21T15:53:28Z"
"1533",60.248705,25.067175,"2020-09-21T15:53:31Z"
"1534",60.248782,25.06715,"2020-09-21T15:53:36Z"
"1535",60.248795,25.067145,"2020-09-21T15:53:43Z"
"1536",60.248815,25.067167,"2020-09-21T15:54:08Z"
"1537",60.248875,25.067295,"2020-09-21T15:54:11Z"
"1538",60.24888,25.06734,"2020-09-21T15:54:19Z"
"1539",60.24888,25.067342,"2020-09-21T15:54:19Z"
"1540",60.248892,25.067342,"2020-09-21T15:54:28Z"
"1541",60.248893,25.06734,"2020-09-21T15:54:29Z"
"1542",60.248875,25.067352,"2020-09-21T15:54:49Z"
"1543",60.248872,25.067352,"2020-09-21T15:54:49Z"
"1544",60.248865,25.067345,"2020-09-21T15:55:02Z"
"1545",60.24887,25.067345,"2020-09-21T15:55:03Z"
"1546",60.24893,25.067435,"2020-09-21T15:55:13Z"
"1547",60.248925,25.067387,"2020-09-21T15:55:19Z"
"1548",60.24895,25.067385,"2020-09-21T15:55:26Z"
"1549",60.248955,25.067383,"2020-09-21T15:55:27Z"
"1550",60.248995,25.067545,"2020-09-21T15:56:17Z"
"1551",60.249055,25.067697,"2020-09-21T15:56:19Z"
"1552",60.24911,25.067835,"2020-09-21T15:56:21Z"
"1553",60.249195,25.068002,"2020-09-21T15:56:23Z"
"1554",60.24924,25.068135,"2020-09-21T15:56:25Z"
"1555",60.24929,25.068245,"2020-09-21T15:56:27Z"
"1556",60.249358,25.06836,"2020-09-21T15:56:29Z"
"1557",60.249415,25.068455,"2020-09-21T15:56:31Z"
"1558",60.24948,25.068545,"2020-09-21T15:56:33Z"
"1559",60.249567,25.06863,"2020-09-21T15:56:35Z"
"1560",60.249647,25.068695,"2020-09-21T15:56:37Z"
"1561",60.249723,25.068775,"2020-09-21T15:56:39Z"
"1562",60.24982,25.06888,"2020-09-21T15:56:42Z"
"1563",60.2499,25.068902,"2020-09-21T15:56:44Z"
"1564",60.250005,25.068945,"2020-09-21T15:56:47Z"
"1565",60.250095,25.068917,"2020-09-21T15:56:49Z"
"1566",60.250167,25.06886,"2020-09-21T15:56:51Z"
"1567",60.250235,25.06871,"2020-09-21T15:56:53Z"
"1568",60.25029,25.06854,"2020-09-21T15:56:55Z"
"1569",60.250325,25.068395,"2020-09-21T15:56:57Z"
"1570",60.250365,25.06824,"2020-09-21T15:56:59Z"
"1571",60.250407,25.068092,"2020-09-21T15:57:01Z"
"1572",60.250452,25.067952,"2020-09-21T15:57:03Z"
"1573",60.250505,25.06781,"2020-09-21T15:57:05Z"
"1574",60.250557,25.0677,"2020-09-21T15:57:07Z"
"1575",60.250625,25.06761,"2020-09-21T15:57:09Z"
"1576",60.250695,25.067545,"2020-09-21T15:57:11Z"
"1577",60.250765,25.06752,"2020-09-21T15:57:13Z"
"1578",60.25084,25.067555,"2020-09-21T15:57:15Z"
"1579",60.250915,25.067605,"2020-09-21T15:57:17Z"
"1580",60.25099,25.067667,"2020-09-21T15:57:19Z"
"1581",60.25106,25.06775,"2020-09-21T15:57:22Z"
"1582",60.251135,25.067847,"2020-09-21T15:57:23Z"
"1583",60.251205,25.06793,"2020-09-21T15:57:25Z"
"1584",60.251275,25.06801,"2020-09-21T15:57:28Z"
"1585",60.25135,25.068122,"2020-09-21T15:57:30Z"
"1586",60.25141,25.06824,"2020-09-21T15:57:32Z"
"1587",60.251482,25.068385,"2020-09-21T15:57:34Z"
"1588",60.25156,25.068575,"2020-09-21T15:57:36Z"
"1589",60.251595,25.068825,"2020-09-21T15:57:38Z"
"1590",60.25161,25.06907,"2020-09-21T15:57:40Z"
"1591",60.251622,25.069305,"2020-09-21T15:57:42Z"
"1592",60.251645,25.069535,"2020-09-21T15:57:44Z"
"1593",60.251657,25.069755,"2020-09-21T15:57:46Z"
"1594",60.251662,25.069962,"2020-09-21T15:57:48Z"
"1595",60.251655,25.07016,"2020-09-21T15:57:50Z"
"1596",60.251655,25.070347,"2020-09-21T15:57:52Z"
"1597",60.251655,25.070505,"2020-09-21T15:57:54Z"
"1598",60.251645,25.070687,"2020-09-21T15:57:56Z"
"1599",60.251647,25.070842,"2020-09-21T15:57:58Z"
"1600",60.251635,25.071012,"2020-09-21T15:58:00Z"
"1601",60.251592,25.071147,"2020-09-21T15:58:02Z"
"1602",60.251547,25.071265,"2020-09-21T15:58:04Z"
"1603",60.2515,25.071415,"2020-09-21T15:58:07Z"
"1604",60.25144,25.07161,"2020-09-21T15:58:10Z"
"1605",60.25139,25.071755,"2020-09-21T15:58:12Z"
"1606",60.2513,25.071872,"2020-09-21T15:58:15Z"
"1607",60.25122,25.0719,"2020-09-21T15:58:16Z"
"1608",60.251135,25.07193,"2020-09-21T15:58:18Z"
"1609",60.25106,25.07198,"2020-09-21T15:58:21Z"
"1610",60.250985,25.07206,"2020-09-21T15:58:22Z"
"1611",60.250915,25.072135,"2020-09-21T15:58:24Z"
"1612",60.250827,25.072225,"2020-09-21T15:58:27Z"
"1613",60.250735,25.07228,"2020-09-21T15:58:30Z"
"1614",60.25067,25.07237,"2020-09-21T15:58:32Z"
"1615",60.25067,25.072585,"2020-09-21T15:58:34Z"
"1616",60.250735,25.072852,"2020-09-21T15:58:36Z"
"1617",60.25079,25.073025,"2020-09-21T15:58:39Z"
"1618",60.250855,25.073147,"2020-09-21T15:58:40Z"
"1619",60.25092,25.073268,"2020-09-21T15:58:42Z"
"1620",60.25099,25.073417,"2020-09-21T15:58:45Z"
"1621",60.251065,25.073617,"2020-09-21T15:58:48Z"
"1622",60.251112,25.073787,"2020-09-21T15:58:51Z"
"1623",60.25118,25.073947,"2020-09-21T15:58:52Z"
"1624",60.251242,25.07411,"2020-09-21T15:58:54Z"
"1625",60.25128,25.074288,"2020-09-21T15:58:57Z"
"1626",60.251313,25.074475,"2020-09-21T15:58:58Z"
"1627",60.251305,25.074632,"2020-09-21T15:59:00Z"
"1628",60.25132,25.07479,"2020-09-21T15:59:03Z"
"1629",60.25135,25.074925,"2020-09-21T15:59:04Z"
"1630",60.251392,25.07506,"2020-09-21T15:59:06Z"
"1631",60.25145,25.075192,"2020-09-21T15:59:08Z"
"1632",60.25153,25.075262,"2020-09-21T15:59:10Z"
"1633",60.251605,25.07539,"2020-09-21T15:59:12Z"
"1634",60.25168,25.075567,"2020-09-21T15:59:14Z"
"1635",60.25172,25.075765,"2020-09-21T15:59:16Z"
"1636",60.25175,25.07594,"2020-09-21T15:59:18Z"
"1637",60.251797,25.076122,"2020-09-21T15:59:21Z"
"1638",60.251865,25.076275,"2020-09-21T15:59:24Z"
"1639",60.251945,25.076375,"2020-09-21T15:59:26Z"
"1640",60.25203,25.0765,"2020-09-21T15:59:28Z"
"1641",60.252097,25.07666,"2020-09-21T15:59:30Z"
"1642",60.25216,25.0768,"2020-09-21T15:59:32Z"
"1643",60.2522,25.07695,"2020-09-21T15:59:34Z"
"1644",60.252232,25.077107,"2020-09-21T15:59:36Z"
"1645",60.25226,25.077295,"2020-09-21T15:59:39Z"
"1646",60.252297,25.077445,"2020-09-21T15:59:41Z"
"1647",60.25233,25.077662,"2020-09-21T15:59:43Z"
"1648",60.252362,25.077895,"2020-09-21T15:59:45Z"
"1649",60.252435,25.078115,"2020-09-21T15:59:47Z"
"1650",60.252502,25.078352,"2020-09-21T15:59:49Z"
"1651",60.25253,25.07863,"2020-09-21T15:59:51Z"
"1652",60.252555,25.078885,"2020-09-21T15:59:53Z"
"1653",60.25257,25.07905,"2020-09-21T15:59:55Z"
"1654",60.252575,25.079235,"2020-09-21T15:59:55Z"
"1655",60.252575,25.079427,"2020-09-21T15:59:56Z"
"1656",60.252565,25.07962,"2020-09-21T15:59:57Z"
"1657",60.252555,25.079825,"2020-09-21T15:59:58Z"
"1658",60.25255,25.08002,"2020-09-21T15:59:59Z"
"1659",60.25253,25.080205,"2020-09-21T16:00:01Z"
"1660",60.25251,25.08037,"2020-09-21T16:00:01Z"
"1661",60.252457,25.08058,"2020-09-21T16:00:03Z"
"1662",60.252377,25.08074,"2020-09-21T16:00:07Z"
"1663",60.252285,25.08085,"2020-09-21T16:00:08Z"
"1664",60.252172,25.08099,"2020-09-21T16:00:10Z"
"1665",60.252072,25.081155,"2020-09-21T16:00:13Z"
"1666",60.251975,25.08136,"2020-09-21T16:00:14Z"
"1667",60.251902,25.08159,"2020-09-21T16:00:16Z"
"1668",60.25186,25.081707,"2020-09-21T16:00:17Z"
"1669",60.2518,25.08196,"2020-09-21T16:00:19Z"
"1670",60.25174,25.082222,"2020-09-21T16:00:21Z"
"1671",60.251693,25.08248,"2020-09-21T16:00:23Z"
"1672",60.251665,25.08273,"2020-09-21T16:00:25Z"
"1673",60.251623,25.08299,"2020-09-21T16:00:27Z"
"1674",60.25159,25.08321,"2020-09-21T16:00:29Z"
"1675",60.25157,25.083395,"2020-09-21T16:00:31Z"
"1676",60.25156,25.083568,"2020-09-21T16:00:33Z"
"1677",60.251535,25.083735,"2020-09-21T16:00:35Z"
"1678",60.25151,25.083897,"2020-09-21T16:00:37Z"
"1679",60.251483,25.08404,"2020-09-21T16:00:39Z"
"1680",60.251452,25.084185,"2020-09-21T16:00:43Z"
"1681",60.251437,25.084265,"2020-09-21T16:00:49Z"
"1682",60.251437,25.08426,"2020-09-21T16:00:52Z"
"1683",60.25148,25.08443,"2020-09-21T16:01:17Z"
"1684",60.251545,25.0845,"2020-09-21T16:01:19Z"
"1685",60.251647,25.084565,"2020-09-21T16:01:21Z"
"1686",60.251772,25.08463,"2020-09-21T16:01:23Z"
"1687",60.251905,25.08469,"2020-09-21T16:01:25Z"
"1688",60.252035,25.08476,"2020-09-21T16:01:27Z"
"1689",60.25217,25.084817,"2020-09-21T16:01:29Z"
"1690",60.252295,25.084895,"2020-09-21T16:01:31Z"
"1691",60.252415,25.084955,"2020-09-21T16:01:33Z"
"1692",60.252532,25.085002,"2020-09-21T16:01:35Z"
"1693",60.252645,25.08505,"2020-09-21T16:01:37Z"
"1694",60.252747,25.08508,"2020-09-21T16:01:39Z"
"1695",60.252845,25.085125,"2020-09-21T16:01:41Z"
"1696",60.252945,25.08518,"2020-09-21T16:01:43Z"
"1697",60.253035,25.085212,"2020-09-21T16:01:45Z"
"1698",60.253115,25.085267,"2020-09-21T16:01:47Z"
"1699",60.253195,25.085345,"2020-09-21T16:01:49Z"
"1700",60.253287,25.085382,"2020-09-21T16:01:51Z"
"1701",60.25338,25.085405,"2020-09-21T16:01:53Z"
"1702",60.253465,25.08543,"2020-09-21T16:01:55Z"
"1703",60.253532,25.08557,"2020-09-21T16:01:57Z"
"1704",60.253565,25.08578,"2020-09-21T16:01:59Z"
"1705",60.253593,25.085962,"2020-09-21T16:02:01Z"
"1706",60.253625,25.08616,"2020-09-21T16:02:03Z"
"1707",60.25364,25.086352,"2020-09-21T16:02:05Z"
"1708",60.253655,25.08655,"2020-09-21T16:02:07Z"
"1709",60.253663,25.086755,"2020-09-21T16:02:09Z"
"1710",60.253675,25.08695,"2020-09-21T16:02:11Z"
"1711",60.25368,25.087127,"2020-09-21T16:02:13Z"
"1712",60.25369,25.087317,"2020-09-21T16:02:15Z"
"1713",60.253695,25.08749,"2020-09-21T16:02:17Z"
"1714",60.253695,25.08767,"2020-09-21T16:02:19Z"
"1715",60.253705,25.08787,"2020-09-21T16:02:21Z"
"1716",60.25371,25.08806,"2020-09-21T16:02:23Z"
"1717",60.253725,25.08827,"2020-09-21T16:02:25Z"
"1718",60.253735,25.088465,"2020-09-21T16:02:27Z"
"1719",60.253748,25.08869,"2020-09-21T16:02:29Z"
"1720",60.253765,25.088908,"2020-09-21T16:02:31Z"
"1721",60.253767,25.08908,"2020-09-21T16:02:33Z"
"1722",60.25377,25.089245,"2020-09-21T16:02:35Z"
"1723",60.253775,25.089425,"2020-09-21T16:02:37Z"
"1724",60.253785,25.08962,"2020-09-21T16:02:39Z"
"1725",60.253795,25.089822,"2020-09-21T16:02:41Z"
"1726",60.2538,25.09003,"2020-09-21T16:02:43Z"
"1727",60.253805,25.09022,"2020-09-21T16:02:45Z"
"1728",60.253813,25.090417,"2020-09-21T16:02:47Z"
"1729",60.253815,25.090605,"2020-09-21T16:02:49Z"
"1730",60.253825,25.090797,"2020-09-21T16:02:51Z"
"1731",60.253832,25.090995,"2020-09-21T16:02:53Z"
"1732",60.253832,25.091188,"2020-09-21T16:02:56Z"
"1733",60.253825,25.091395,"2020-09-21T16:02:57Z"
"1734",60.253825,25.09162,"2020-09-21T16:02:59Z"
"1735",60.253813,25.09184,"2020-09-21T16:03:01Z"
"1736",60.253805,25.092037,"2020-09-21T16:03:03Z"
"1737",60.253795,25.09223,"2020-09-21T16:03:05Z"
"1738",60.253795,25.092415,"2020-09-21T16:03:08Z"
"1739",60.25379,25.092615,"2020-09-21T16:03:09Z"
"1740",60.253787,25.092832,"2020-09-21T16:03:11Z"
"1741",60.253775,25.093022,"2020-09-21T16:03:14Z"
"1742",60.253757,25.093205,"2020-09-21T16:03:15Z"
"1743",60.253748,25.093415,"2020-09-21T16:03:17Z"
"1744",60.253745,25.093615,"2020-09-21T16:03:20Z"
"1745",60.253743,25.093815,"2020-09-21T16:03:21Z"
"1746",60.25374,25.094017,"2020-09-21T16:03:23Z"
"1747",60.25374,25.094205,"2020-09-21T16:03:25Z"
"1748",60.253735,25.094385,"2020-09-21T16:03:27Z"
"1749",60.253732,25.09459,"2020-09-21T16:03:29Z"
"1750",60.253737,25.09481,"2020-09-21T16:03:32Z"
"1751",60.253757,25.095027,"2020-09-21T16:03:33Z"
"1752",60.25377,25.09522,"2020-09-21T16:03:35Z"
"1753",60.25376,25.09541,"2020-09-21T16:03:38Z"
"1754",60.253752,25.095577,"2020-09-21T16:03:39Z"
"1755",60.253745,25.095767,"2020-09-21T16:03:42Z"
"1756",60.25374,25.095957,"2020-09-21T16:03:45Z"
"1757",60.253755,25.09613,"2020-09-21T16:03:47Z"
"1758",60.25378,25.0963,"2020-09-21T16:03:49Z"
"1759",60.2538,25.09644,"2020-09-21T16:03:51Z"
"1760",60.253805,25.096597,"2020-09-21T16:03:53Z"
"1761",60.253782,25.096737,"2020-09-21T16:03:56Z"
"1762",60.253795,25.096898,"2020-09-21T16:03:58Z"
"1763",60.253805,25.09714,"2020-09-21T16:04:01Z"
"1764",60.253775,25.09738,"2020-09-21T16:04:02Z"
"1765",60.253742,25.09759,"2020-09-21T16:04:04Z"
"1766",60.25372,25.09775,"2020-09-21T16:04:07Z"
"1767",60.25369,25.09792,"2020-09-21T16:04:09Z"
"1768",60.253662,25.0981,"2020-09-21T16:04:12Z"
"1769",60.25363,25.09827,"2020-09-21T16:04:15Z"
"1770",60.253592,25.098425,"2020-09-21T16:04:19Z"
"1771",60.2536,25.09858,"2020-09-21T16:04:22Z"
"1772",60.25366,25.098682,"2020-09-21T16:04:24Z"
"1773",60.25366,25.09885,"2020-09-21T16:04:26Z"
"1774",60.253645,25.099055,"2020-09-21T16:04:30Z"
"1775",60.253635,25.099225,"2020-09-21T16:04:32Z"
"1776",60.25362,25.099432,"2020-09-21T16:04:36Z"
"1777",60.253608,25.09962,"2020-09-21T16:04:38Z"
"1778",60.253592,25.099815,"2020-09-21T16:04:42Z"
"1779",60.253575,25.100018,"2020-09-21T16:04:44Z"
"1780",60.253545,25.100175,"2020-09-21T16:04:46Z"
"1781",60.253505,25.100307,"2020-09-21T16:04:48Z"
"1782",60.253465,25.100452,"2020-09-21T16:04:50Z"
"1783",60.253433,25.100605,"2020-09-21T16:04:52Z"
"1784",60.25341,25.100745,"2020-09-21T16:04:54Z"
"1785",60.25336,25.100882,"2020-09-21T16:04:56Z"
"1786",60.253277,25.100987,"2020-09-21T16:04:58Z"
"1787",60.253162,25.10108,"2020-09-21T16:05:00Z"
"1788",60.253042,25.101192,"2020-09-21T16:05:02Z"
"1789",60.25295,25.101385,"2020-09-21T16:05:04Z"
"1790",60.252902,25.101627,"2020-09-21T16:05:06Z"
"1791",60.252895,25.10188,"2020-09-21T16:05:08Z"
"1792",60.252903,25.102127,"2020-09-21T16:05:10Z"
"1793",60.25291,25.102335,"2020-09-21T16:05:12Z"
"1794",60.252902,25.102515,"2020-09-21T16:05:14Z"
"1795",60.252895,25.10267,"2020-09-21T16:05:16Z"
"1796",60.25291,25.10286,"2020-09-21T16:05:18Z"
"1797",60.2529,25.103025,"2020-09-21T16:05:20Z"
"1798",60.252855,25.103187,"2020-09-21T16:05:22Z"
"1799",60.252825,25.10333,"2020-09-21T16:05:24Z"
"1800",60.252812,25.10348,"2020-09-21T16:05:26Z"
"1801",60.25278,25.10367,"2020-09-21T16:05:29Z"
"1802",60.252755,25.103827,"2020-09-21T16:05:31Z"
"1803",60.252725,25.104,"2020-09-21T16:05:34Z"
"1804",60.252705,25.104152,"2020-09-21T16:05:37Z"
"1805",60.252685,25.104363,"2020-09-21T16:05:40Z"
"1806",60.25267,25.10458,"2020-09-21T16:05:43Z"
"1807",60.252645,25.104725,"2020-09-21T16:05:45Z"
"1808",60.252635,25.104925,"2020-09-21T16:05:48Z"
"1809",60.25266,25.105105,"2020-09-21T16:05:51Z"
"1810",60.25267,25.10527,"2020-09-21T16:05:55Z"
"1811",60.252688,25.10544,"2020-09-21T16:05:59Z"
"1812",60.252705,25.105583,"2020-09-21T16:06:02Z"
"1813",60.252695,25.10579,"2020-09-21T16:06:05Z"
"1814",60.252678,25.10597,"2020-09-21T16:06:08Z"
"1815",60.25271,25.106152,"2020-09-21T16:06:11Z"
"1816",60.252752,25.106315,"2020-09-21T16:06:14Z"
"1817",60.25279,25.10646,"2020-09-21T16:06:17Z"
"1818",60.2528,25.106615,"2020-09-21T16:06:20Z"
"1819",60.252825,25.10676,"2020-09-21T16:06:24Z"
"1820",60.25284,25.10691,"2020-09-21T16:06:27Z"
"1821",60.25286,25.107103,"2020-09-21T16:06:31Z"
"1822",60.25287,25.107282,"2020-09-21T16:06:35Z"
"1823",60.252875,25.107455,"2020-09-21T16:06:37Z"
"1824",60.25282,25.107612,"2020-09-21T16:06:41Z"
"1825",60.25278,25.107735,"2020-09-21T16:06:42Z"
"1826",60.252725,25.107915,"2020-09-21T16:06:45Z"
"1827",60.252655,25.10796,"2020-09-21T16:06:47Z"
"1828",60.25256,25.107992,"2020-09-21T16:06:49Z"
"1829",60.252475,25.108045,"2020-09-21T16:06:51Z"
"1830",60.25238,25.10813,"2020-09-21T16:06:53Z"
"1831",60.252298,25.108177,"2020-09-21T16:06:55Z"
"1832",60.252215,25.10821,"2020-09-21T16:06:57Z"
"1833",60.25212,25.10829,"2020-09-21T16:07:00Z"
"1834",60.252027,25.108335,"2020-09-21T16:07:03Z"
"1835",60.251945,25.108362,"2020-09-21T16:07:05Z"
"1836",60.25186,25.10841,"2020-09-21T16:07:07Z"
"1837",60.251785,25.108455,"2020-09-21T16:07:10Z"
"1838",60.25172,25.108522,"2020-09-21T16:07:11Z"
"1839",60.251677,25.108715,"2020-09-21T16:07:14Z"
"1840",60.251622,25.108857,"2020-09-21T16:07:16Z"
"1841",60.251547,25.10897,"2020-09-21T16:07:18Z"
"1842",60.251525,25.109125,"2020-09-21T16:07:20Z"
"1843",60.25155,25.109295,"2020-09-21T16:07:22Z"
"1844",60.25154,25.109465,"2020-09-21T16:07:24Z"
"1845",60.25156,25.10961,"2020-09-21T16:07:26Z"
"1846",60.25156,25.109805,"2020-09-21T16:07:29Z"
"1847",60.251565,25.110005,"2020-09-21T16:07:32Z"
"1848",60.25162,25.11015,"2020-09-21T16:07:34Z"
"1849",60.25168,25.110312,"2020-09-21T16:07:36Z"
"1850",60.251715,25.110485,"2020-09-21T16:07:39Z"
"1851",60.251692,25.110635,"2020-09-21T16:07:41Z"
"1852",60.251655,25.11079,"2020-09-21T16:07:45Z"
"1853",60.251605,25.11093,"2020-09-21T16:07:47Z"
"1854",60.251548,25.111032,"2020-09-21T16:07:49Z"
"1855",60.251505,25.111165,"2020-09-21T16:07:51Z"
"1856",60.251457,25.111292,"2020-09-21T16:07:53Z"
"1857",60.251415,25.11141,"2020-09-21T16:07:58Z"
"1858",60.25141,25.111405,"2020-09-21T16:08:04Z"
"1859",60.251457,25.111582,"2020-09-21T16:08:08Z"
"1860",60.251535,25.111715,"2020-09-21T16:08:11Z"
"1861",60.25158,25.111835,"2020-09-21T16:08:14Z"
"1862",60.251635,25.111942,"2020-09-21T16:08:17Z"
"1863",60.251577,25.112045,"2020-09-21T16:08:21Z"
"1864",60.2515,25.11197,"2020-09-21T16:08:23Z"
"1865",60.25144,25.11178,"2020-09-21T16:08:26Z"
"1866",60.251355,25.111645,"2020-09-21T16:08:27Z"
"1867",60.25125,25.111595,"2020-09-21T16:08:29Z"
"1868",60.25114,25.111555,"2020-09-21T16:08:32Z"
"1869",60.25103,25.111545,"2020-09-21T16:08:33Z"
"1870",60.25092,25.11162,"2020-09-21T16:08:35Z"
"1871",60.250805,25.111715,"2020-09-21T16:08:38Z"
"1872",60.250707,25.111757,"2020-09-21T16:08:39Z"
"1873",60.25062,25.11186,"2020-09-21T16:08:42Z"
"1874",60.25054,25.111912,"2020-09-21T16:08:44Z"
"1875",60.250435,25.111915,"2020-09-21T16:08:46Z"
"1876",60.250325,25.111935,"2020-09-21T16:08:48Z"
"1877",60.250202,25.111957,"2020-09-21T16:08:50Z"
"1878",60.25008,25.11199,"2020-09-21T16:08:52Z"
"1879",60.249947,25.112022,"2020-09-21T16:08:54Z"
"1880",60.24982,25.112045,"2020-09-21T16:08:56Z"
"1881",60.24969,25.11205,"2020-09-21T16:08:58Z"
"1882",60.249575,25.11204,"2020-09-21T16:09:00Z"
"1883",60.24945,25.112035,"2020-09-21T16:09:02Z"
"1884",60.24934,25.112045,"2020-09-21T16:09:04Z"
"1885",60.24923,25.112037,"2020-09-21T16:09:06Z"
"1886",60.24913,25.112025,"2020-09-21T16:09:08Z"
"1887",60.24903,25.112,"2020-09-21T16:09:10Z"
"1888",60.248917,25.111975,"2020-09-21T16:09:12Z"
"1889",60.24881,25.1119,"2020-09-21T16:09:14Z"
"1890",60.2487,25.11187,"2020-09-21T16:09:16Z"
"1891",60.248605,25.111895,"2020-09-21T16:09:19Z"
"1892",60.24849,25.111855,"2020-09-21T16:09:20Z"
"1893",60.248377,25.1118,"2020-09-21T16:09:22Z"
"1894",60.248255,25.111785,"2020-09-21T16:09:25Z"
"1895",60.24814,25.111788,"2020-09-21T16:09:26Z"
"1896",60.248035,25.111787,"2020-09-21T16:09:28Z"
"1897",60.247942,25.111785,"2020-09-21T16:09:31Z"
"1898",60.24786,25.111788,"2020-09-21T16:09:32Z"
"1899",60.247775,25.111845,"2020-09-21T16:09:35Z"
"1900",60.247695,25.111902,"2020-09-21T16:09:38Z"
"1901",60.247605,25.111905,"2020-09-21T16:09:40Z"
"1902",60.247515,25.11189,"2020-09-21T16:09:43Z"
"1903",60.24742,25.111872,"2020-09-21T16:09:44Z"
"1904",60.24733,25.11186,"2020-09-21T16:09:46Z"
"1905",60.247247,25.11184,"2020-09-21T16:09:49Z"
"1906",60.247175,25.111827,"2020-09-21T16:09:50Z"
"1907",60.247102,25.111825,"2020-09-21T16:09:52Z"
"1908",60.246993,25.1118,"2020-09-21T16:09:55Z"
"1909",60.246915,25.111715,"2020-09-21T16:09:57Z"
"1910",60.246875,25.111515,"2020-09-21T16:10:01Z"
"1911",60.246825,25.111337,"2020-09-21T16:10:03Z"
"1912",60.24675,25.11127,"2020-09-21T16:10:07Z"
"1913",60.246697,25.111445,"2020-09-21T16:10:10Z"
"1914",60.246685,25.111597,"2020-09-21T16:10:13Z"
"1915",60.246665,25.111788,"2020-09-21T16:10:16Z"
"1916",60.24661,25.1119,"2020-09-21T16:10:19Z"
"1917",60.24657,25.112067,"2020-09-21T16:10:22Z"
"1918",60.246537,25.112195,"2020-09-21T16:10:24Z"
"1919",60.246432,25.112132,"2020-09-21T16:10:26Z"
"1920",60.246342,25.112115,"2020-09-21T16:10:28Z"
"1921",60.24624,25.11209,"2020-09-21T16:10:31Z"
"1922",60.24614,25.11206,"2020-09-21T16:10:34Z"
"1923",60.24606,25.11205,"2020-09-21T16:10:37Z"
"1924",60.245975,25.112035,"2020-09-21T16:10:38Z"
"1925",60.245895,25.112005,"2020-09-21T16:10:40Z"
"1926",60.2458,25.111972,"2020-09-21T16:10:43Z"
"1927",60.245707,25.111937,"2020-09-21T16:10:44Z"
"1928",60.245612,25.111905,"2020-09-21T16:10:46Z"
"1929",60.245525,25.111865,"2020-09-21T16:10:49Z"
"1930",60.245445,25.11181,"2020-09-21T16:10:50Z"
"1931",60.24534,25.111747,"2020-09-21T16:10:52Z"
"1932",60.245235,25.11169,"2020-09-21T16:10:55Z"
"1933",60.24513,25.111635,"2020-09-21T16:10:56Z"
"1934",60.24503,25.111557,"2020-09-21T16:10:58Z"
"1935",60.244932,25.111522,"2020-09-21T16:11:00Z"
"1936",60.24484,25.1115,"2020-09-21T16:11:02Z"
"1937",60.244745,25.111405,"2020-09-21T16:11:04Z"
"1938",60.244657,25.11129,"2020-09-21T16:11:06Z"
"1939",60.244573,25.111177,"2020-09-21T16:11:08Z"
"1940",60.244482,25.111085,"2020-09-21T16:11:10Z"
"1941",60.244385,25.11099,"2020-09-21T16:11:12Z"
"1942",60.24428,25.110905,"2020-09-21T16:11:14Z"
"1943",60.24418,25.110815,"2020-09-21T16:11:16Z"
"1944",60.244095,25.110725,"2020-09-21T16:11:18Z"
"1945",60.244005,25.110635,"2020-09-21T16:11:20Z"
"1946",60.243902,25.11056,"2020-09-21T16:11:22Z"
"1947",60.243795,25.11046,"2020-09-21T16:11:24Z"
"1948",60.243685,25.11035,"2020-09-21T16:11:26Z"
"1949",60.243565,25.11026,"2020-09-21T16:11:28Z"
"1950",60.243447,25.110152,"2020-09-21T16:11:30Z"
"1951",60.24332,25.110045,"2020-09-21T16:11:33Z"
"1952",60.243207,25.109945,"2020-09-21T16:11:34Z"
"1953",60.24312,25.109865,"2020-09-21T16:11:36Z"
"1954",60.24305,25.109792,"2020-09-21T16:11:38Z"
"1955",60.24297,25.10973,"2020-09-21T16:11:40Z"
"1956",60.242907,25.10966,"2020-09-21T16:11:45Z"
"1957",60.242855,25.109625,"2020-09-21T16:11:51Z"
"1958",60.242758,25.10959,"2020-09-21T16:11:56Z"
"1959",60.242672,25.10954,"2020-09-21T16:11:58Z"
"1960",60.242585,25.10945,"2020-09-21T16:12:00Z"
"1961",60.242487,25.109337,"2020-09-21T16:12:02Z"
"1962",60.242378,25.109235,"2020-09-21T16:12:04Z"
"1963",60.242272,25.10913,"2020-09-21T16:12:06Z"
"1964",60.242153,25.10904,"2020-09-21T16:12:08Z"
"1965",60.24204,25.108925,"2020-09-21T16:12:10Z"
"1966",60.241927,25.108832,"2020-09-21T16:12:12Z"
"1967",60.24182,25.108752,"2020-09-21T16:12:14Z"
"1968",60.24173,25.108682,"2020-09-21T16:12:16Z"
"1969",60.24164,25.108607,"2020-09-21T16:12:18Z"
"1970",60.241552,25.10853,"2020-09-21T16:12:20Z"
"1971",60.241477,25.108435,"2020-09-21T16:12:22Z"
"1972",60.241397,25.108352,"2020-09-21T16:12:24Z"
"1973",60.241305,25.10828,"2020-09-21T16:12:26Z"
"1974",60.24121,25.108202,"2020-09-21T16:12:28Z"
"1975",60.24113,25.10813,"2020-09-21T16:12:32Z"
"1976",60.241052,25.108062,"2020-09-21T16:12:34Z"
"1977",60.240965,25.108,"2020-09-21T16:12:38Z"
"1978",60.24089,25.10793,"2020-09-21T16:12:39Z"
"1979",60.2408,25.107865,"2020-09-21T16:12:41Z"
"1980",60.240707,25.107785,"2020-09-21T16:12:43Z"
"1981",60.240605,25.107695,"2020-09-21T16:12:45Z"
"1982",60.2405,25.10762,"2020-09-21T16:12:47Z"
"1983",60.240407,25.107555,"2020-09-21T16:12:49Z"
"1984",60.240317,25.107475,"2020-09-21T16:12:51Z"
"1985",60.240225,25.10742,"2020-09-21T16:12:53Z"
"1986",60.240125,25.107355,"2020-09-21T16:12:55Z"
"1987",60.24002,25.107292,"2020-09-21T16:12:57Z"
"1988",60.239917,25.107225,"2020-09-21T16:12:59Z"
"1989",60.239825,25.10717,"2020-09-21T16:13:01Z"
"1990",60.23973,25.10711,"2020-09-21T16:13:03Z"
"1991",60.239645,25.107067,"2020-09-21T16:13:05Z"
"1992",60.239555,25.10707,"2020-09-21T16:13:07Z"
"1993",60.239465,25.107087,"2020-09-21T16:13:09Z"
"1994",60.239385,25.107075,"2020-09-21T16:13:11Z"
"1995",60.2393,25.10704,"2020-09-21T16:13:13Z"
"1996",60.23923,25.10709,"2020-09-21T16:13:16Z"
"1997",60.239192,25.107242,"2020-09-21T16:13:20Z"
"1998",60.239112,25.107255,"2020-09-21T16:13:22Z"
"1999",60.239047,25.107377,"2020-09-21T16:13:24Z"
"2000",60.23902,25.107537,"2020-09-21T16:13:27Z"
"2001",60.238995,25.107715,"2020-09-21T16:13:31Z"
"2002",60.23896,25.10784,"2020-09-21T16:13:35Z"
"2003",60.238887,25.107847,"2020-09-21T16:13:41Z"
"2004",60.238875,25.107865,"2020-09-21T16:13:47Z"
"2005",60.238865,25.107825,"2020-09-21T16:14:01Z"
"2006",60.238865,25.107835,"2020-09-21T16:14:02Z"
"2007",60.238895,25.10783,"2020-09-21T16:14:10Z"
"2008",60.238895,25.107827,"2020-09-21T16:14:11Z"
"2009",60.238897,25.10783,"2020-09-21T16:14:25Z"
"2010",60.238897,25.10783,"2020-09-21T16:14:26Z"
"2011",60.23891,25.10783,"2020-09-21T16:16:21Z"
"2012",60.23891,25.10783,"2020-09-21T16:16:22Z"
